id_solicitud,edad,genero,estado_civil,nivel_educacion,ciudad,tipo_empleo,antiguedad_laboral_meses,ingreso_mensual_bs,monto_solicitado_bs,plazo_meses,num_dependientes,puntaje_crediticio,tiene_vivienda_propia,historial_mora,nivel_riesgo,aprobado
1000,22,Femenino,Casado,Licenciatura,Riberalta,Dependiente,472.0,10838.0,101057.0,24,4,,Sí,No,Bajo,1
1001,59,Masculino, CASADO,Técnico,Santa Cruz,Dependiente,255.0,7129.0,18173.0,12,5,714.0,No,Sí,Alto,0
1002,52,Masculino,Divorciado,Posgrado,La Paz,Independiente,197.0,,36325.0,6,5,687.0,No,Sí,Alto,0
1003,41,Femenino, CASADO,Licenciatura,Cochabamba,Dependiente,32.0,10818.0,34379.0,24,5,686.0,Sí,No,Bajo,1
1004,40,Masculino,,Secundaria,La Paz,Jubilado,362.0,6276.0,72416.0,36,3,631.0,Sí,No,Bajo,0
1005,63,Masculino,Soltero,Licenciatura,El Alto,Dependiente,431.0,11134.0,123885.0,36,0,616.0,Sí,No,Bajo,0
1006,22,Femenino, CASADO,Técnico,Santa Cruz,Dependiente,217.0,7306.0,75372.0,18,4,634.0,Sí,Sí,Alto,0
1007,54,Masculino,Casado,Secundaria,Potosí,Dependiente,437.0,4201.0,14337.0,24,1,715.0,No,No,Bajo,0
1008,28,Femenino,Soltero,Secundaria,El Alto,Dependiente,256.0,3401.0,29477.0,24,5,726.0,No,Sí,Alto,1
1009,22,Masculino,Casado,Licenciatura,La Paz,Dependiente,263.0,11322.0,39870.0,24,3,559.0,Sí,No,Medio,1
1010,45,Masculino,Divorciado,Primaria,La Paz,Independiente,206.0,6652.0,38401.0,24,6,719.0,No,No,Medio,1
1011,69,Masculino, DIVORCIADO,Secundaria,Tarija,Dependiente,267.0,4958.0,25435.0,36,4,,Sí,No,Medio,1
1012,56,Femenino,Casado,Secundaria,Potosí,Independiente,32.0,,44302.0,24,3,692.0,Sí,No,Medio,1
1013,58,Masculino,Casado,Técnico,La Paz,Desempleado,,5509.0,21316.0,48,6,633.0,No,No,Medio,0
1014,56,Femenino,Soltero,Técnico,La Paz,Independiente,228.0,,49459.0,18,3,791.0,Sí,No,Medio,1
1015,59,Femenino,Casado,Técnico,Cochabamba,Independiente,287.0,6618.0,79161.0,6,2,,No,No,Medio,1
1016,45,Femenino,Soltero,Secundaria,El Alto,Dependiente,264.0,5111.0,47418.0,12,2,666.0,NO,No,Bajo,0
1017,24,Masculino,Casado,Primaria,Cochabamba,Dependiente,206.0,159381.0,373982.0,24,6,705.0,No,No,Bajo,1
1018,62,Femenino,Casado,Licenciatura,Santa Cruz,Dependiente,141.0,8287.0,92597.0,24,5,571.0,Sí,No,Medio,0
1019,41,Masculino,Soltero,Secundaria,Montero,Jubilado,349.0,4057.0,33990.0,24,1,643.0,No,No,Bajo,0
1020,44,Masculino,Soltero,Licenciatura,El Alto,Independiente,290.0,7968.0,50847.0,36,3,,si,No,Medio,0
1021,37,Femenino,Soltero,Secundaria,Potosí,Dependiente,22.0,,57506.0,12,2,604.0,No,No,Bajo,0
1022,27,Femenino,,Primaria,La Paz,Independiente,217.0,,34964.0,36,4,610.0,Sí,No,Medio,0
1023,67,Femenino,Casado,Secundaria,Quillacollo,Empleado Público,341.0,7156.0,46909.0,36,0,750.0,No,No,Bajo,0
1024,59,Masculino,Soltero,Técnico,Yacuiba,Independiente,377.0,7869.0,56229.0,18,4,596.0,Sí,Sí,Alto,0
1025,52,Masculino,Viudo,Técnico,Potosí,Independiente,137.0,8517.0,54559.0,18,5,701.0,No,No,Medio,0
1026,39,Femenino,Casado,Licenciatura,Santa Cruz,Desempleado,,9211.0,25205.0,12,1,678.0,No,No,Medio,1
1027,61,Masculino,Casado,Secundaria,El Alto,Independiente,313.0,5687.0,60480.0,18,1,524.0,Sí,No,Alto,0
1028,46,Femenino,Unión Libre,Técnico,Sucre,Independiente,210.0,8158.0,25265.0,36,4,697.0,NO,No,Medio,0
1029,41,Masculino, SOLTERO,Técnico,Potosí,Dependiente,301.0,6624.0,37602.0,48,1,523.0,si,No,Medio,1
1030,41,Masculino,Soltero,Primaria,El Alto,Dependiente,419.0,3062.0,17089.0,24,6,707.0,NO,Sí,Alto,0
1031,30,Masculino,,Técnico,Santa Cruz,Jubilado,257.0,6991.0,35337.0,18,5,604.0,si,No,Bajo,0
1032,22,Masculino, SOLTERO,Secundaria,Santa Cruz,Independiente,72.0,4123.0,25833.0,36,6,651.0,Sí,Sí,Alto,0
1033,47,Masculino,Casado,Técnico,Sucre,Dependiente,211.0,5207.0,41986.0,36,3,534.0,No,Sí,Alto,0
1034,65,Femenino,Soltero,Secundaria,Potosí,Independiente,40.0,,36557.0,18,6,661.0,No,Sí,Alto,0
1035,21,Femenino,Soltero,Licenciatura,Cochabamba,Dependiente,401.0,,42066.0,36,0,733.0,No,No,Bajo,1
1036,63,Femenino,Soltero,Posgrado,Cochabamba,Empleado Público,466.0,8553.0,92652.0,6,2,577.0,No,Sí,Alto,0
1037,61,Masculino,Casado,Primaria,El Alto,Dependiente,291.0,800.0,11615.0,6,0,,Sí,No,Medio,0
1038,32,Masculino,Soltero,Licenciatura,Santa Cruz,Empleado Público,471.0,7764.0,50156.0,12,4,691.0,Sí,Sí,Alto,0
1039,51,Masculino,Soltero,Licenciatura,La Paz,Independiente,33.0,,57566.0,12,3,693.0,NO,No,Medio,1
1040,26,Masculino, VIUDO,Secundaria,Sucre,Dependiente,304.0,114938.0,233649.0,48,2,431.0,No,No,Medio,1
1041,58,Femenino, SOLTERO,Licenciatura,Santa Cruz,Dependiente,213.0,11601.0,22885.0,18,2,831.0,Sí,Sí,Alto,0
1042,55,Masculino,Casado,Licenciatura,Santa Cruz,Empleado Público,133.0,8805.0,53204.0,12,4,698.0,Sí,No,Bajo,0
1043,36,Femenino,Soltero,Posgrado,El Alto,Dependiente,149.0,13044.0,147872.0,18,1,713.0,No,No,Bajo,1
1044,21,Femenino,Casado,Posgrado,El Alto,Dependiente,262.0,11037.0,103502.0,18,3,637.0,NO,No,Bajo,1
1045,69,Masculino,Soltero,Primaria,Cochabamba,Empleado Público,308.0,4023.0,24531.0,18,4,483.0,NO,Sí,Alto,0
1046,41,Masculino,Casado,Técnico,El Alto,Dependiente,78.0,5483.0,64137.0,12,1,711.0,Sí,No,Bajo,0
1047,65,Masculino,Soltero,Técnico,La Paz,Dependiente,295.0,6399.0,42035.0,36,1,599.0,No,No,Medio,0
1048,53,Femenino, VIUDO,Secundaria,Oruro,Dependiente,445.0,1396.0,7280.0,12,2,699.0,No,No,Bajo,1
1049,59,Masculino,Unión Libre,Secundaria,Santa Cruz,Desempleado,,4551.0,30695.0,36,4,630.0,Sí,Sí,Alto,0
1050,58,Femenino,Soltero,Posgrado,Santa Cruz,Dependiente,422.0,13124.0,51332.0,12,1,671.0,Sí,Sí,Alto,0
1051,28,Masculino,Soltero,Primaria,Santa Cruz,Dependiente,292.0,2899.0,31437.0,36,2,580.0,Sí,No,Medio,0
1052,37,Masculino,Soltero,Técnico,Sucre,Dependiente,164.0,7528.0,43650.0,36,3,,No,No,Bajo,1
1053,42,Femenino,Casado,Licenciatura,Santa Cruz,Dependiente,353.0,4896.0,42468.0,12,1,543.0,Sí,Sí,Alto,0
1054,44,Femenino,Soltero,Secundaria,Oruro,Dependiente,297.0,3721.0,25543.0,12,3,850.0,No,No,Bajo,0
1055,20,Femenino,Viudo,Técnico,Montero,Dependiente,369.0,8861.0,101388.0,48,0,850.0,No,No,Bajo,0
1056,46,Masculino,Divorciado,Posgrado,Cochabamba,Dependiente,39.0,8893.0,74287.0,24,0,797.0,Sí,Sí,Alto,0
1057,26,Femenino,Divorciado,Técnico,Santa Cruz,Dependiente,28.0,9712.0,67362.0,24,1,765.0,No,Sí,Alto,0
1058,57,Masculino, CASADO,Secundaria,Oruro,Desempleado,,3801.0,12785.0,6,2,,No,No,Medio,0
1059,54,Masculino,Unión Libre,Primaria,Santa Cruz,Dependiente,146.0,5334.0,61525.0,12,0,755.0,Sí,No,Bajo,1
1060,66,Masculino,Soltero,Posgrado,Santa Cruz,Dependiente,114.0,9784.0,73637.0,24,6,641.0,No,No,Bajo,1
1061,57,Femenino,Casado,Secundaria,Cochabamba,Desempleado,,7147.0,33591.0,48,2,510.0,No,No,Alto,0
1062,37,Masculino,Soltero,Técnico,El Alto,Desempleado,,10916.0,120257.0,12,5,785.0,si,Sí,Alto,0
1063,69,Femenino,Unión Libre,Secundaria,La Paz,Independiente,86.0,2511.0,6502.0,36,6,752.0,No,No,Medio,0
1064,39,Masculino,Casado,Técnico,Santa Cruz,Dependiente,468.0,8455.0,45101.0,36,5,647.0,No,No,Bajo,0
1065,35,Masculino,Divorciado,Posgrado,La Paz,Dependiente,202.0,8461.0,65116.0,12,5,540.0,si,No,Medio,0
1066,65,Masculino,Soltero,Técnico,Santa Cruz,Dependiente,72.0,8127.0,42017.0,18,0,,No,No,Medio,0
1067,37,Masculino,Unión Libre,Posgrado,Cochabamba,Dependiente,34.0,10243.0,70276.0,12,2,486.0,No,No,Medio,0
1068,22,Femenino,Casado,Secundaria,Montero,Dependiente,412.0,5459.0,27985.0,24,5,735.0,No,No,Bajo,1
1069,42,Masculino,Casado,Técnico,La Paz,Independiente,54.0,5536.0,16499.0,24,4,506.0,Sí,No,Alto,0
1070,60,Femenino,Unión Libre,Licenciatura,Cochabamba,Dependiente,201.0,9693.0,21988.0,24,0,676.0,Sí,Sí,Alto,0
1071,28,Femenino,,Técnico,Santa Cruz,Independiente,321.0,6634.0,25620.0,12,3,574.0,Sí,No,Alto,1
1072,42,Femenino, CASADO,Secundaria,La Paz,Dependiente,246.0,5004.0,58701.0,36,5,522.0,No,No,Medio,0
1073,24,Femenino, CASADO,Licenciatura,El Alto,Dependiente,126.0,9565.0,75048.0,24,5,671.0,No,No,Bajo,0
1074,54,Femenino,Soltero,Técnico,La Paz,Empleado Público,51.0,3794.0,29159.0,24,2,620.0,No,Sí,Alto,0
1075,43,Femenino,Soltero,Técnico,El Alto,Desempleado,,8337.0,47815.0,24,1,725.0,Sí,No,Medio,1
1076,35,Femenino,Soltero,Posgrado,El Alto,Dependiente,235.0,9985.0,90439.0,12,2,536.0,No,No,Medio,0
1077,30,Masculino,Soltero,Secundaria,Santa Cruz,Independiente,23.0,6150.0,20332.0,36,2,582.0,No,No,Alto,0
1078,47,Masculino,Viudo,Secundaria,Cochabamba,Dependiente,87.0,,24561.0,18,2,435.0,NO,No,Medio,0
1079,53,Femenino,Casado,Primaria,La Paz,Dependiente,270.0,2667.0,25995.0,18,2,453.0,No,Sí,Alto,0
1080,67,Femenino,,Técnico,La Paz,Empleado Público,80.0,8492.0,57308.0,12,3,812.0,No,No,Bajo,1
1081,41,Femenino,Casado,Secundaria,La Paz,Dependiente,188.0,5304.0,52725.0,24,0,838.0,Sí,No,Bajo,0
1082,26,Masculino,,Licenciatura,Cochabamba,Independiente,59.0,,109998.0,24,1,658.0,NO,No,Medio,0
1083,62,Femenino,Casado,Secundaria,Santa Cruz,Independiente,383.0,6841.0,72298.0,18,2,576.0,No,Sí,Alto,0
1084,51,Femenino,Unión Libre,Licenciatura,Cochabamba,Dependiente,303.0,9851.0,38476.0,48,1,623.0,No,Sí,Alto,0
1085,55,Femenino,Unión Libre,Secundaria,El Alto,Dependiente,377.0,,14818.0,36,6,729.0,Sí,No,Bajo,1
1086,23,Femenino,Casado,Secundaria,La Paz,Dependiente,25.0,,25491.0,12,4,604.0,No,Sí,Alto,0
1087,34,Femenino,Soltero,Secundaria,Quillacollo,Jubilado,268.0,6414.0,63365.0,36,6,671.0,Sí,No,Bajo,1
1088,58,Masculino,Casado,Licenciatura,La Paz,Independiente,128.0,8674.0,100930.0,18,3,649.0,Sí,No,Medio,0
1089,62,Masculino,Casado,Técnico,La Paz,Dependiente,299.0,7471.0,88525.0,60,0,599.0,Sí,No,Medio,0
1090,41,Masculino,Casado,Secundaria,La Paz,Dependiente,395.0,,18983.0,12,6,603.0,No,No,Bajo,1
1091,60,Masculino,Casado,Licenciatura,Yacuiba,Independiente,109.0,9193.0,96685.0,18,3,676.0,Sí,No,Medio,1
1092,62,Masculino,Casado,Técnico,Cochabamba,Dependiente,370.0,5640.0,42282.0,24,4,562.0,No,Sí,Alto,0
1093,38,Femenino,,Secundaria,Cochabamba,Independiente,279.0,4963.0,52417.0,12,2,691.0,No,Sí,Alto,0
1094,65,Masculino,Soltero,Posgrado,Yacuiba,Empleado Público,396.0,12953.0,97903.0,36,3,608.0,No,Sí,Alto,0
1095,33,Masculino,Casado,Secundaria,La Paz,Independiente,39.0,,12172.0,24,3,661.0,No,Sí,Alto,0
1096,30,Femenino,Soltero,Primaria,Sacaba,Dependiente,476.0,3572.0,9393.0,12,1,,No,No,Bajo,1
1097,54,Masculino,Soltero,Técnico,El Alto,Dependiente,209.0,3842.0,47421.0,24,3,635.0,No,No,Bajo,0
1098,51,Femenino,Casado,Secundaria,Cochabamba,Dependiente,134.0,6856.0,45810.0,48,5,733.0,Sí,No,Bajo,1
1099,25,Masculino,Casado,Secundaria,Santa Cruz,Independiente,87.0,,21223.0,36,0,489.0,Sí,Sí,Alto,0
1100,62,Masculino,Soltero,Licenciatura,Santa Cruz,Desempleado,,9410.0,53961.0,24,0,608.0,No,No,Medio,0
1101,28,Masculino,Casado,Secundaria,Montero,Dependiente,424.0,6333.0,37945.0,18,5,652.0,NO,Sí,Alto,0
1102,60,Masculino,Divorciado,Licenciatura,La Paz,Independiente,63.0,9628.0,114600.0,12,3,823.0,No,No,Medio,0
1103,18,Masculino,Soltero,Posgrado,Riberalta,Independiente,213.0,,24768.0,48,6,474.0,Sí,No,Alto,1
1104,60,Masculino,Divorciado,Licenciatura,Santa Cruz,Dependiente,352.0,12434.0,34278.0,36,4,641.0,NO,Sí,Alto,0
1105,59,Masculino,Unión Libre,Licenciatura,Cochabamba,Dependiente,284.0,10177.0,103647.0,24,4,781.0,No,No,Bajo,0
1106,59,Femenino,Casado,Licenciatura,Sacaba,Dependiente,90.0,8236.0,60811.0,48,6,579.0,NO,Sí,Alto,0
1107,53,Masculino,Casado,Posgrado,La Paz,Independiente,173.0,,31788.0,12,4,631.0,No,No,Medio,0
1108,42,Masculino,Soltero,Secundaria,Montero,Independiente,177.0,,10618.0,36,2,680.0,No,No,Medio,0
1109,55,Femenino,Unión Libre,Secundaria,Cochabamba,Empleado Público,138.0,4134.0,17226.0,12,3,667.0,No,No,Bajo,0
1110,32,Femenino,Casado,Técnico,Potosí,Desempleado,,9810.0,41911.0,12,1,791.0,No,No,Medio,0
1111,59,Masculino,Unión Libre,Técnico,La Paz,Empleado Público,97.0,7581.0,14600.0,24,2,690.0,No,No,Bajo,1
1112,47,Femenino,Casado,Secundaria,Cochabamba,Jubilado,383.0,3359.0,14174.0,18,4,769.0,No,No,Bajo,0
1113,42,Femenino,Soltero,Licenciatura,Potosí,Empleado Público,438.0,9238.0,88242.0,48,1,618.0,No,No,Bajo,0
1114,44,Femenino,Soltero,Primaria,Santa Cruz,Desempleado,,3431.0,36374.0,18,4,583.0,No,No,Alto,0
1115,48,Femenino,Casado,Posgrado,La Paz,Empleado Público,384.0,11067.0,121199.0,36,4,630.0,No,No,Bajo,1
1116,19,Femenino,Casado,Secundaria,El Alto,Empleado Público,76.0,6658.0,39431.0,36,2,546.0,NO,No,Medio,0
1117,25,Masculino,Soltero,Primaria,Tarija,Empleado Público,64.0,800.0,7731.0,36,0,694.0,si,Sí,Alto,0
1118,31,Femenino,Casado,Secundaria,La Paz,Jubilado,377.0,7083.0,86560.0,48,4,615.0,No,No,Bajo,1
1119,24,Masculino,Viudo,Secundaria,Potosí,Independiente,359.0,4901.0,48559.0,18,5,590.0,NO,No,Alto,0
1120,41,Masculino,Casado,Secundaria,Riberalta,Independiente,356.0,2094.0,15776.0,18,5,695.0,Sí,Sí,Alto,0
1121,53,Femenino,Casado,Primaria,La Paz,Independiente,201.0,800.0,4752.0,12,2,547.0,Sí,No,Alto,0
1122,52,Femenino,Soltero,Secundaria,La Paz,Desempleado,,5999.0,30730.0,12,4,719.0,Sí,Sí,Alto,0
1123,42,Masculino,Divorciado,Secundaria,Potosí,Independiente,7.0,800.0,6825.0,48,2,607.0,No,No,Medio,1
1124,63,Femenino,Soltero,Secundaria,La Paz,Empleado Público,139.0,5022.0,37836.0,24,2,754.0,No,No,Bajo,0
1125,47,Femenino,Viudo,Técnico,Cochabamba,Empleado Público,254.0,8914.0,16067.0,18,2,615.0,No,No,Bajo,0
1126,22,Masculino,Casado,Secundaria,Potosí,Jubilado,373.0,5229.0,63923.0,12,1,707.0,Sí,No,Bajo,1
1127,58,Masculino,Casado,Secundaria,Cochabamba,Dependiente,62.0,3904.0,31141.0,24,6,666.0,No,Sí,Alto,0
1128,48,Masculino,Soltero,Secundaria,Santa Cruz,Empleado Público,21.0,,36708.0,36,4,717.0,No,Sí,Alto,0
1129,51,Femenino,Soltero,Primaria,Potosí,Empleado Público,100.0,2864.0,13679.0,18,1,660.0,No,No,Bajo,0
1130,47,Masculino,Divorciado,Secundaria,Cochabamba,Jubilado,277.0,3638.0,37881.0,36,6,500.0,Sí,No,Medio,0
1131,47,Masculino,Casado,Licenciatura,El Alto,Desempleado,,11125.0,105726.0,24,1,741.0,Sí,No,Medio,0
1132,22,Femenino,Casado,Posgrado,Cochabamba,Independiente,456.0,10848.0,31725.0,36,4,642.0,No,No,Medio,0
1133,47,Masculino,Unión Libre,Posgrado,Trinidad,Independiente,123.0,11117.0,87406.0,12,1,721.0,Sí,No,Medio,0
1134,60,Femenino,Unión Libre,Técnico,Cochabamba,Dependiente,288.0,4471.0,42517.0,24,2,712.0,NO,No,Bajo,1
1135,34,Femenino,Viudo,Técnico,Santa Cruz,Jubilado,362.0,6971.0,72648.0,12,4,580.0,No,No,Medio,0
1136,49,Masculino,Soltero,Secundaria,Santa Cruz,Dependiente,169.0,5088.0,19333.0,18,6,568.0,Sí,No,Medio,1
1137,19,Femenino, CASADO,Licenciatura,La Paz,Empleado Público,316.0,6142.0,69944.0,36,6,709.0,Sí,Sí,Alto,0
1138,36,Femenino, VIUDO,Licenciatura,El Alto,Empleado Público,333.0,8690.0,59622.0,24,6,623.0,No,Sí,Alto,0
1139,41,Masculino,Casado,Licenciatura,La Paz,Independiente,400.0,,22401.0,12,1,734.0,No,No,Medio,0
1140,70,Masculino,Soltero,Licenciatura,Yacuiba,Dependiente,466.0,7323.0,22104.0,48,0,634.0,No,No,Bajo,1
1141,29,Masculino,Divorciado,Técnico,El Alto,Dependiente,295.0,8343.0,32406.0,6,6,742.0,Sí,No,Bajo,1
1142,32,Masculino,Casado,Licenciatura,Sucre,Desempleado,,7463.0,34451.0,24,6,688.0,No,No,Medio,0
1143,39,Masculino, CASADO,Licenciatura,La Paz,Independiente,417.0,8230.0,57844.0,60,1,676.0,No,No,Medio,0
1144,70,Femenino,Unión Libre,Secundaria,El Alto,Dependiente,329.0,6503.0,64308.0,24,0,,No,No,Bajo,0
1145,63,Femenino,Casado,Posgrado,Santa Cruz,Empleado Público,173.0,11846.0,43865.0,36,4,671.0,No,No,Bajo,0
1146,19,Femenino, CASADO,Secundaria,Santa Cruz,Dependiente,303.0,7189.0,88311.0,24,0,,Sí,No,Bajo,1
1147,30,Femenino,Casado,Posgrado,Sucre,Desempleado,,11709.0,41850.0,36,0,645.0,No,Sí,Alto,0
1148,61,Masculino,Casado,Licenciatura,Quillacollo,Dependiente,110.0,7263.0,57731.0,36,6,698.0,No,No,Bajo,1
1149,21,Femenino,Soltero,Secundaria,Tarija,Dependiente,248.0,,48360.0,36,3,654.0,Sí,No,Bajo,0
1150,63,Femenino,Divorciado,Licenciatura,La Paz,Dependiente,299.0,10863.0,112834.0,12,0,661.0,No,No,Bajo,0
1151,32,Femenino, DIVORCIADO,Primaria,Oruro,Independiente,434.0,3128.0,30839.0,36,4,805.0,No,Sí,Alto,0
1152,66,Femenino,Soltero,Licenciatura,La Paz,Independiente,279.0,10616.0,96936.0,12,2,758.0,NO,No,Medio,0
1153,33,Masculino,Soltero,Licenciatura,Montero,Empleado Público,79.0,11529.0,37896.0,60,3,657.0,si,No,Bajo,1
1154,41,Femenino, VIUDO,Licenciatura,Santa Cruz,Independiente,475.0,9855.0,18942.0,12,6,669.0,NO,No,Medio,0
1155,53,Femenino, SOLTERO,Licenciatura,Santa Cruz,Dependiente,278.0,7888.0,48863.0,12,1,587.0,Sí,No,Medio,0
1156,24,Femenino,Casado,Secundaria,La Paz,Dependiente,138.0,3330.0,11918.0,48,4,634.0,No,Sí,Alto,0
1157,47,Masculino,Casado,Secundaria,La Paz,Dependiente,362.0,4239.0,23487.0,12,5,678.0,No,No,Bajo,1
1158,44,Masculino,Casado,Técnico,El Alto,Desempleado,,7695.0,30931.0,18,2,727.0,Sí,Sí,Alto,0
1159,59,Masculino, SOLTERO,Primaria,Montero,Dependiente,177.0,,24956.0,36,6,717.0,Sí,No,Bajo,1
1160,70,Femenino,Casado,Técnico,Sucre,Jubilado,254.0,7741.0,86551.0,12,3,550.0,No,No,Medio,1
1161,53,Femenino,Casado,Secundaria,Sacaba,Dependiente,417.0,7497.0,77668.0,12,3,738.0,Sí,No,Bajo,1
1162,39,Masculino,Casado,Técnico,La Paz,Dependiente,252.0,7004.0,65856.0,24,6,642.0,No,No,Bajo,0
1163,39,Masculino,Soltero,Técnico,Cochabamba,Dependiente,179.0,6456.0,22892.0,12,4,561.0,NO,No,Medio,0
1164,40,Masculino,Casado,Licenciatura,El Alto,Dependiente,415.0,6956.0,14950.0,12,6,770.0,NO,No,Bajo,1
1165,61,Masculino,Casado,Secundaria,Cochabamba,Empleado Público,83.0,4426.0,38189.0,6,5,782.0,Sí,No,Bajo,0
1166,35,Masculino,Soltero,Licenciatura,Santa Cruz,Independiente,359.0,,94795.0,18,4,674.0,Sí,No,Medio,1
1167,26,Femenino,Soltero,Técnico,El Alto,Dependiente,280.0,108314.0,400000.0,18,1,714.0,Sí,No,Bajo,1
1168,35,Femenino,Soltero,Secundaria,Cochabamba,Independiente,410.0,6558.0,46979.0,6,2,719.0,No,No,Medio,0
1169,19,Masculino,Soltero,Técnico,El Alto,Independiente,202.0,7862.0,54079.0,24,6,776.0,No,No,Medio,1
1170,23,Femenino,Soltero,Técnico,Santa Cruz,Jubilado,274.0,5399.0,23724.0,24,4,716.0,No,No,Bajo,1
1171,22,Masculino, UNIÓN LIBRE,Secundaria,Cochabamba,Jubilado,360.0,4477.0,24844.0,6,1,531.0,Sí,No,Medio,0
1172,58,Masculino,Casado,Técnico,La Paz,Independiente,364.0,8836.0,56011.0,18,2,831.0,si,Sí,Alto,0
1173,56,Masculino, DIVORCIADO,Secundaria,Montero,Empleado Público,33.0,3225.0,28703.0,48,5,746.0,Sí,No,Bajo,1
1174,54,Masculino,Unión Libre,Secundaria,Santa Cruz,Empleado Público,308.0,3861.0,47296.0,24,1,604.0,NO,No,Bajo,1
1175,42,Masculino,Soltero,Técnico,Sucre,Independiente,93.0,8984.0,69152.0,18,0,557.0,Sí,No,Alto,0
1176,56,Masculino,Casado,Técnico,Cochabamba,Empleado Público,463.0,7302.0,71511.0,24,5,,Sí,No,Bajo,0
1177,26,Masculino,Viudo,Licenciatura,Potosí,Dependiente,370.0,12701.0,127686.0,12,2,625.0,No,No,Bajo,1
1178,65,Masculino,Casado,Secundaria,Potosí,Empleado Público,50.0,6371.0,17950.0,36,5,680.0,No,No,Bajo,1
1179,44,Femenino,Casado,Posgrado,Tarija,Jubilado,388.0,13699.0,116458.0,48,3,717.0,Sí,No,Bajo,1
1180,67,Masculino,Casado,Licenciatura,Cochabamba,Dependiente,121.0,,77200.0,48,6,599.0,No,No,Medio,0
1181,26,Masculino, SOLTERO,Posgrado,El Alto,Empleado Público,262.0,11271.0,89474.0,12,3,550.0,Sí,No,Medio,1
1182,44,Femenino,Casado,Licenciatura,La Paz,Jubilado,397.0,8569.0,19823.0,18,6,685.0,Sí,No,Bajo,0
1183,54,Femenino,Unión Libre,Secundaria,Cochabamba,Dependiente,50.0,,58339.0,12,5,602.0,Sí,No,Bajo,1
1184,44,Masculino,Unión Libre,Técnico,La Paz,Independiente,116.0,5820.0,68123.0,18,1,663.0,Sí,Sí,Alto,0
1185,41,Masculino,Soltero,Secundaria,El Alto,Desempleado,,7273.0,14136.0,18,6,529.0,No,Sí,Alto,0
1186,26,Femenino,Casado,Licenciatura,La Paz,Jubilado,476.0,11118.0,42439.0,24,5,,No,No,Bajo,1
1187,38,Femenino,Soltero,Técnico,Cochabamba,Dependiente,411.0,,33074.0,12,0,714.0,No,No,Bajo,1
1188,30,Femenino,Unión Libre,Secundaria,La Paz,Dependiente,79.0,,13321.0,48,0,705.0,si,Sí,Alto,0
1189,33,Femenino,Soltero,Posgrado,Cochabamba,Independiente,360.0,15281.0,119261.0,12,1,579.0,No,No,Alto,0
1190,54,Masculino,Unión Libre,Secundaria,Sucre,Dependiente,2.0,5233.0,22429.0,6,0,545.0,NO,No,Medio,0
1191,51,Femenino,Divorciado,Técnico,Sucre,Dependiente,140.0,9622.0,101135.0,48,2,651.0,Sí,No,Bajo,0
1192,50,Femenino,Soltero,Licenciatura,El Alto,Dependiente,84.0,5578.0,32496.0,36,6,,No,No,Bajo,1
1193,37,Masculino,Soltero,Primaria,Cochabamba,Dependiente,59.0,2841.0,21136.0,18,3,686.0,NO,No,Bajo,0
1194,68,Femenino,Divorciado,Técnico,Cochabamba,Independiente,281.0,,24563.0,24,0,604.0,No,Sí,Alto,0
1195,22,Femenino,Soltero,Licenciatura,Santa Cruz,Independiente,433.0,9471.0,68913.0,12,3,677.0,si,Sí,Alto,0
1196,36,Masculino,Casado,Primaria,Cochabamba,Independiente,320.0,1772.0,15332.0,12,1,785.0,No,No,Medio,0
1197,24,Masculino,Unión Libre,Técnico,El Alto,Empleado Público,410.0,3614.0,18538.0,24,5,668.0,No,No,Bajo,0
1198,35,Masculino,Casado,Secundaria,Sacaba,Dependiente,284.0,2654.0,17221.0,18,0,503.0,No,No,Medio,0
1199,68,Masculino,Casado,Licenciatura,La Paz,Dependiente,25.0,,106529.0,24,5,668.0,No,Sí,Alto,0
1200,37,Femenino,Casado,Secundaria,Sucre,Dependiente,166.0,5062.0,38526.0,12,3,834.0,Sí,No,Bajo,1
1201,66,Masculino,Soltero,Posgrado,Cochabamba,Dependiente,396.0,15901.0,178125.0,36,0,534.0,No,No,Medio,1
1202,44,Masculino,Unión Libre,Licenciatura,El Alto,Dependiente,21.0,8361.0,65644.0,36,4,653.0,NO,No,Bajo,0
1203,55,Masculino,Soltero,Secundaria,Oruro,Dependiente,46.0,3761.0,39778.0,12,3,630.0,No,No,Bajo,1
1204,42,Masculino,Soltero,Secundaria,La Paz,Dependiente,401.0,,15230.0,6,5,659.0,Sí,Sí,Alto,1
1205,32,Masculino,Soltero,Técnico,Oruro,Dependiente,30.0,5519.0,56630.0,24,4,667.0,Sí,No,Bajo,0
1206,58,Masculino,Unión Libre,Licenciatura,Cochabamba,Independiente,461.0,,43769.0,36,5,753.0,Sí,No,Medio,1
1207,69,Femenino,Soltero,Técnico,La Paz,Independiente,364.0,,11941.0,36,3,658.0,Sí,No,Medio,0
1208,31,Masculino,Viudo,Secundaria,La Paz,Jubilado,445.0,5781.0,21102.0,36,0,765.0,No,No,Bajo,1
1209,59,Femenino, CASADO,Secundaria,Oruro,Empleado Público,257.0,5656.0,11765.0,18,0,639.0,si,No,Bajo,1
1210,31,Masculino,Divorciado,Posgrado,El Alto,Independiente,42.0,,102455.0,12,3,618.0,No,No,Medio,0
1211,55,Masculino, UNIÓN LIBRE,Técnico,Trinidad,Dependiente,199.0,9562.0,119385.0,24,2,590.0,NO,No,Medio,1
1212,59,Masculino,Divorciado,Licenciatura,Oruro,Independiente,388.0,9424.0,94411.0,12,5,486.0,No,No,Alto,0
1213,41,Masculino,Unión Libre,Técnico,Potosí,Dependiente,434.0,6273.0,18401.0,36,2,675.0,si,No,Bajo,1
1214,57,Femenino,Soltero,Posgrado,El Alto,Independiente,214.0,,112084.0,12,6,835.0,No,No,Medio,0
1215,32,Masculino,Divorciado,Secundaria,Potosí,Dependiente,403.0,4593.0,44825.0,18,1,691.0,No,No,Bajo,1
1216,22,Masculino,Casado,Secundaria,Quillacollo,Independiente,373.0,5877.0,31802.0,24,2,712.0,NO,No,Medio,0
1217,23,Femenino,Casado,Posgrado,La Paz,Dependiente,27.0,13501.0,94574.0,24,5,613.0,Sí,Sí,Alto,0
1218,41,Femenino,Viudo,Posgrado,Santa Cruz,Independiente,298.0,11908.0,102686.0,24,0,628.0,No,No,Medio,1
1219,65,Femenino,Unión Libre,Secundaria,El Alto,Empleado Público,296.0,3372.0,9918.0,24,2,739.0,si,Sí,Alto,0
1220,24,Masculino,Casado,Secundaria,Santa Cruz,Empleado Público,261.0,8612.0,59216.0,48,5,831.0,No,Sí,Alto,0
1221,42,Masculino,Casado,Técnico,Oruro,Independiente,371.0,10295.0,97955.0,36,4,784.0,Sí,No,Medio,1
1222,55,Masculino,Casado,Técnico,Santa Cruz,Independiente,427.0,4676.0,21170.0,48,5,722.0,Sí,No,Medio,1
1223,28,Femenino,Casado,Secundaria,Cochabamba,Dependiente,264.0,4480.0,31846.0,24,3,653.0,No,No,Bajo,1
1224,56,Masculino,Casado,Licenciatura,El Alto,Empleado Público,154.0,9250.0,65825.0,24,6,669.0,Sí,No,Bajo,1
1225,34,Femenino,Casado,Secundaria,La Paz,Independiente,472.0,6197.0,57727.0,24,6,582.0,No,No,Alto,0
1226,60,Masculino,Soltero,Licenciatura,El Alto,Dependiente,463.0,8403.0,100843.0,24,6,520.0,No,No,Medio,1
1227,48,Femenino,Soltero,Primaria,Tarija,Dependiente,329.0,4156.0,47873.0,18,0,549.0,Sí,No,Medio,0
1228,46,Masculino,Divorciado,Primaria,Cochabamba,Jubilado,331.0,5817.0,50907.0,24,4,654.0,Sí,No,Bajo,1
1229,27,Masculino, CASADO,Licenciatura,Santa Cruz,Independiente,50.0,8716.0,71007.0,6,0,624.0,Sí,No,Medio,0
1230,42,Masculino,Unión Libre,Secundaria,Sucre,Independiente,193.0,2581.0,20966.0,6,1,518.0,NO,No,Alto,0
1231,63,Masculino,Casado,Licenciatura,La Paz,Independiente,95.0,9249.0,69413.0,48,2,,No,No,Medio,0
1232,19,Femenino,Soltero,Secundaria,El Alto,Dependiente,247.0,3190.0,10402.0,6,4,,Sí,No,Bajo,0
1233,58,Femenino,Soltero,Posgrado,El Alto,Independiente,397.0,15706.0,141840.0,24,3,544.0,NO,No,Alto,1
1234,44,Femenino,Soltero,Licenciatura,Yacuiba,Dependiente,107.0,12417.0,115905.0,24,6,,Sí,Sí,Alto,0
1235,56,Femenino,Unión Libre,Licenciatura,Potosí,Independiente,479.0,,68725.0,12,2,621.0,No,Sí,Alto,0
1236,53,Masculino,Soltero,Secundaria,Cochabamba,Independiente,62.0,4635.0,51597.0,48,4,595.0,No,No,Alto,0
1237,40,Masculino,Casado,Secundaria,La Paz,Dependiente,47.0,5595.0,50135.0,12,5,733.0,Sí,Sí,Alto,0
1238,34,Masculino, UNIÓN LIBRE,Secundaria,El Alto,Empleado Público,468.0,825.0,9078.0,48,6,479.0,No,No,Medio,1
1239,51,Masculino,Unión Libre,Técnico,Cochabamba,Dependiente,48.0,8952.0,16292.0,36,1,471.0,Sí,No,Medio,0
1240,25,Masculino,Soltero,Secundaria,Santa Cruz,Independiente,353.0,6755.0,15960.0,12,5,650.0,No,No,Medio,1
1241,48,Masculino,Soltero,Primaria,Montero,Independiente,367.0,5939.0,30955.0,12,0,,NO,No,Medio,1
1242,23,Femenino,Soltero,Secundaria,Oruro,Independiente,158.0,,21917.0,18,3,686.0,No,No,Medio,1
1243,52,Femenino,Soltero,Secundaria,Santa Cruz,Independiente,30.0,5564.0,22999.0,18,2,601.0,No,Sí,Alto,0
1244,51,Masculino,Soltero,Técnico,Oruro,Jubilado,428.0,8341.0,33331.0,12,6,567.0,No,Sí,Alto,0
1245,22,Masculino,Casado,Secundaria,Sacaba,Independiente,32.0,4248.0,17935.0,60,5,649.0,Sí,No,Medio,0
1246,58,Femenino,Unión Libre,Secundaria,Santa Cruz,Empleado Público,323.0,3374.0,36222.0,12,6,610.0,No,No,Bajo,0
1247,40,Masculino,Casado,Licenciatura,Cochabamba,Empleado Público,427.0,10783.0,106466.0,36,5,790.0,si,No,Bajo,0
1248,59,Masculino,Casado,Técnico,Montero,Dependiente,479.0,8750.0,52840.0,12,2,621.0,No,No,Bajo,1
1249,20,Femenino,Soltero,Secundaria,El Alto,Dependiente,385.0,1475.0,6383.0,60,5,645.0,si,No,Bajo,1
1250,27,Femenino, DIVORCIADO,Técnico,Trinidad,Independiente,372.0,5642.0,20004.0,12,0,850.0,No,No,Medio,1
1251,44,Masculino,Casado,Licenciatura,La Paz,Dependiente,424.0,9266.0,24229.0,18,3,632.0,NO,No,Bajo,1
1252,27,Masculino,Viudo,Secundaria,Cochabamba,Dependiente,370.0,6114.0,37874.0,24,0,700.0,Sí,Sí,Alto,0
1253,35,Femenino,Unión Libre,Técnico,Sucre,Dependiente,312.0,9084.0,19958.0,12,5,708.0,NO,No,Bajo,1
1254,53,Masculino,Soltero,Posgrado,Cochabamba,Independiente,479.0,,68123.0,36,6,716.0,No,No,Medio,1
1255,25,Femenino,Soltero,Técnico,Santa Cruz,Dependiente,155.0,11827.0,138822.0,12,4,,Sí,No,Bajo,0
1256,53,Masculino,Soltero,Posgrado,Cochabamba,Empleado Público,198.0,10640.0,76874.0,24,5,667.0,No,No,Bajo,1
1257,23,Femenino,Casado,Licenciatura,La Paz,Independiente,435.0,12468.0,129584.0,24,1,659.0,No,No,Medio,1
1258,27,Masculino,Unión Libre,Primaria,El Alto,Empleado Público,149.0,2413.0,8338.0,24,6,598.0,No,No,Medio,1
1259,49,Femenino, CASADO,Técnico,El Alto,Dependiente,143.0,5057.0,26624.0,6,3,679.0,Sí,No,Bajo,0
1260,60,Femenino, DIVORCIADO,Licenciatura,Cochabamba,Independiente,73.0,8555.0,101403.0,12,4,833.0,No,No,Medio,1
1261,27,Masculino,Casado,Posgrado,Santa Cruz,Dependiente,132.0,9455.0,54404.0,12,5,759.0,Sí,No,Bajo,1
1262,33,Femenino,Soltero,Técnico,El Alto,Independiente,285.0,,60814.0,18,4,677.0,NO,No,Medio,1
1263,67,Femenino,Soltero,Secundaria,Trinidad,Dependiente,426.0,2237.0,31149.0,12,2,727.0,Sí,No,Bajo,0
1264,70,Femenino,Casado,Técnico,Santa Cruz,Jubilado,263.0,3917.0,32303.0,48,4,572.0,Sí,No,Medio,1
1265,48,Masculino,Casado,Secundaria,Santa Cruz,Dependiente,327.0,3297.0,18854.0,24,4,627.0,Sí,No,Bajo,1
1266,41,Masculino,Casado,Licenciatura,Santa Cruz,Independiente,368.0,7212.0,55265.0,24,6,735.0,si,No,Medio,0
1267,36,Masculino,Soltero,Técnico,El Alto,Dependiente,430.0,11287.0,26441.0,18,3,784.0,No,No,Bajo,0
1268,50,Femenino,Casado,Licenciatura,Potosí,Independiente,360.0,10927.0,30443.0,12,3,581.0,No,No,Alto,1
1269,49,Femenino,Soltero,Licenciatura,Santa Cruz,Independiente,74.0,,9189.0,24,3,606.0,No,No,Medio,1
1270,33,Femenino,,Licenciatura,La Paz,Dependiente,235.0,7747.0,83940.0,18,0,846.0,No,No,Bajo,1
1271,19,Masculino,Soltero,Licenciatura,Sacaba,Dependiente,458.0,8648.0,74241.0,18,0,659.0,Sí,No,Bajo,0
1272,26,Masculino,Soltero,Licenciatura,Sucre,Dependiente,436.0,12229.0,60293.0,24,0,814.0,Sí,Sí,Alto,0
1273,68,Masculino,Casado,Licenciatura,Potosí,Dependiente,294.0,8683.0,37447.0,24,4,669.0,No,No,Bajo,0
1274,40,Masculino,Casado,Licenciatura,Tarija,Jubilado,446.0,8315.0,72929.0,60,2,672.0,No,Sí,Alto,0
1275,43,Femenino,Casado,Primaria,Cobija,Dependiente,321.0,3749.0,44689.0,12,6,623.0,No,Sí,Alto,0
1276,42,Masculino,Casado,Técnico,Santa Cruz,Dependiente,31.0,7412.0,35018.0,24,4,735.0,Sí,No,Bajo,1
1277,59,Masculino,Unión Libre,Secundaria,Cochabamba,Jubilado,333.0,5902.0,30852.0,12,0,772.0,No,No,Bajo,0
1278,21,Femenino,Casado,Licenciatura,Cochabamba,Dependiente,80.0,62946.0,400000.0,18,0,557.0,Sí,No,Medio,0
1279,22,Femenino,Casado,Licenciatura,El Alto,Dependiente,183.0,11600.0,130272.0,36,2,618.0,No,No,Bajo,0
1280,32,Femenino,Casado,Técnico,El Alto,Empleado Público,114.0,3892.0,47934.0,12,6,732.0,si,No,Bajo,1
1281,43,Femenino,Soltero,Secundaria,La Paz,Desempleado,,4803.0,23541.0,24,0,638.0,No,Sí,Alto,0
1282,53,Femenino,Casado,Secundaria,Cochabamba,Empleado Público,14.0,7512.0,25501.0,18,1,606.0,Sí,Sí,Alto,0
1283,44,Femenino,Soltero,Licenciatura,Sucre,Independiente,308.0,,81446.0,6,0,,NO,No,Medio,0
1284,41,Masculino,Casado,Secundaria,Oruro,Jubilado,423.0,3411.0,17402.0,48,2,749.0,Sí,No,Bajo,1
1285,67,Femenino,Soltero,Secundaria,El Alto,Dependiente,378.0,4399.0,49063.0,18,6,,No,No,Bajo,0
1286,26,Femenino,Unión Libre,Licenciatura,El Alto,Jubilado,473.0,8317.0,16212.0,36,4,669.0,Sí,No,Bajo,1
1287,48,Masculino,Casado,Licenciatura,Santa Cruz,Empleado Público,431.0,11386.0,97465.0,18,3,,No,No,Medio,0
1288,46,Masculino,Viudo,Secundaria,Cochabamba,Desempleado,,6089.0,68086.0,48,1,569.0,si,No,Alto,0
1289,43,Masculino,Casado,Secundaria,Montero,Dependiente,327.0,2087.0,25872.0,18,2,661.0,Sí,Sí,Alto,0
1290,60,Femenino,Soltero,Posgrado,Tarija,Dependiente,243.0,12976.0,110107.0,18,3,653.0,No,No,Bajo,1
1291,32,Masculino,Divorciado,Licenciatura,Montero,Independiente,32.0,,62051.0,36,1,563.0,Sí,No,Alto,1
1292,68,Femenino,Casado,Licenciatura,Tarija,Independiente,1.0,7947.0,22263.0,18,4,586.0,Sí,Sí,Alto,0
1293,35,Femenino,Divorciado,Secundaria,Sacaba,Independiente,88.0,,22861.0,18,6,554.0,No,No,Alto,0
1294,46,Masculino,Casado,Secundaria,Santa Cruz,Desempleado,,6177.0,10614.0,60,1,691.0,No,No,Medio,1
1295,45,Masculino,Casado,Primaria,La Paz,Independiente,458.0,,10256.0,24,1,473.0,No,No,Alto,0
1296,63,Masculino,Viudo,Licenciatura,La Paz,Dependiente,197.0,10110.0,111103.0,36,0,559.0,Sí,No,Medio,0
1297,41,Masculino,Casado,Primaria,Santa Cruz,Dependiente,465.0,5060.0,13826.0,24,5,482.0,NO,No,Medio,0
1298,33,Masculino,Soltero,Primaria,El Alto,Dependiente,23.0,800.0,3530.0,36,3,688.0,No,Sí,Alto,0
1299,19,Femenino,Casado,Licenciatura,La Paz,Dependiente,465.0,10820.0,61198.0,48,1,488.0,Sí,Sí,Alto,0
1300,37,Femenino, CASADO,Posgrado,Quillacollo,Dependiente,111.0,12682.0,54199.0,24,1,653.0,No,No,Bajo,1
1301,61,Femenino,Unión Libre,Licenciatura,El Alto,Empleado Público,17.0,10324.0,108449.0,18,0,798.0,Sí,No,Bajo,1
1302,18,Femenino,Casado,Técnico,Quillacollo,Empleado Público,364.0,4959.0,18502.0,6,3,801.0,No,No,Bajo,1
1303,65,Masculino,Casado,Técnico,Oruro,Independiente,183.0,5806.0,57953.0,24,4,,No,No,Alto,0
1304,46,Femenino,Divorciado,Técnico,Cochabamba,Dependiente,140.0,6386.0,49821.0,36,1,677.0,No,No,Bajo,0
1305,25,Masculino,Casado,Secundaria,Potosí,Independiente,365.0,3087.0,21482.0,24,0,561.0,No,No,Alto,0
1306,34,Masculino,Casado,Técnico,Santa Cruz,Empleado Público,160.0,,22057.0,12,3,543.0,si,Sí,Alto,1
1307,47,Masculino,Casado,Técnico,Cochabamba,Desempleado,,6460.0,80402.0,18,4,,si,No,Medio,1
1308,34,Femenino, SOLTERO,Técnico,El Alto,Independiente,93.0,5171.0,45888.0,24,2,761.0,No,No,Medio,1
1309,23,Femenino,Casado,Licenciatura,Montero,Empleado Público,41.0,178367.0,400000.0,36,1,704.0,No,No,Bajo,1
1310,53,Masculino,Soltero,Posgrado,El Alto,Independiente,156.0,14041.0,75815.0,12,1,586.0,No,No,Alto,0
1311,53,Masculino, SOLTERO,Primaria,El Alto,Independiente,293.0,1821.0,20600.0,24,5,713.0,Sí,Sí,Alto,0
1312,24,Masculino,Casado,Técnico,Potosí,Desempleado,,5325.0,58832.0,36,6,448.0,No,No,Alto,0
1313,32,Masculino,Casado,Secundaria,Cochabamba,Dependiente,68.0,6640.0,71142.0,48,5,582.0,Sí,No,Medio,1
1314,30,Masculino,Viudo,Secundaria,Santa Cruz,Dependiente,360.0,4381.0,36526.0,12,3,576.0,Sí,Sí,Alto,0
1315,52,Femenino, SOLTERO,Secundaria,Cochabamba,Dependiente,237.0,5963.0,67141.0,48,5,657.0,No,Sí,Alto,0
1316,56,Masculino,,Secundaria,La Paz,Independiente,207.0,,19269.0,24,2,632.0,NO,No,Medio,0
1317,56,Femenino,Unión Libre,Licenciatura,Potosí,Independiente,115.0,10331.0,95173.0,36,0,637.0,NO,No,Medio,0
1318,67,Masculino,Soltero,Técnico,El Alto,Independiente,8.0,6330.0,40128.0,6,2,634.0,No,No,Medio,0
1319,58,Masculino,Soltero,Posgrado,El Alto,Independiente,25.0,13548.0,107538.0,24,4,652.0,Sí,No,Medio,1
1320,34,Masculino,Soltero,Primaria,La Paz,Dependiente,327.0,987.0,16274.0,24,4,699.0,No,No,Bajo,0
1321,23,Femenino,Casado,Primaria,Santa Cruz,Desempleado,,,50462.0,18,6,663.0,No,Sí,Alto,0
1322,50,Femenino,Viudo,Técnico,Santa Cruz,Dependiente,118.0,4271.0,29557.0,24,6,,No,Sí,Alto,0
1323,66,Masculino,Divorciado,Secundaria,Santa Cruz,Desempleado,,3951.0,34523.0,24,1,686.0,si,No,Medio,1
1324,69,Femenino,Casado,Secundaria,El Alto,Dependiente,165.0,4822.0,53550.0,24,0,724.0,Sí,No,Bajo,1
1325,30,Femenino,Soltero,Posgrado,El Alto,Independiente,358.0,,136770.0,6,1,600.0,si,No,Medio,1
1326,30,Femenino,Casado,Secundaria,Cochabamba,Independiente,165.0,5315.0,52854.0,24,6,645.0,Sí,No,Medio,0
1327,19,Femenino,Casado,Secundaria,La Paz,Empleado Público,448.0,5983.0,14891.0,12,5,755.0,Sí,Sí,Alto,0
1328,25,Femenino,,Técnico,Potosí,Dependiente,395.0,8416.0,41274.0,48,0,551.0,No,Sí,Alto,0
1329,47,Masculino,Soltero,Técnico,Quillacollo,Desempleado,,7016.0,81291.0,60,1,812.0,No,No,Medio,0
1330,46,Femenino, SOLTERO,Técnico,Santa Cruz,Independiente,329.0,,76721.0,18,3,529.0,Sí,Sí,Alto,0
1331,37,Femenino, SOLTERO,Secundaria,Cobija,Independiente,198.0,7323.0,68894.0,12,4,619.0,No,Sí,Alto,0
1332,34,Femenino,Casado,Licenciatura,La Paz,Independiente,454.0,,66614.0,12,6,,No,No,Alto,1
1333,61,Femenino,Casado,Secundaria,La Paz,Dependiente,172.0,,51447.0,24,5,847.0,No,No,Bajo,1
1334,42,Femenino,Soltero,Técnico,Potosí,Independiente,402.0,6460.0,40990.0,48,1,605.0,No,No,Medio,1
1335,60,Masculino,Casado,Licenciatura,Oruro,Dependiente,296.0,9591.0,96215.0,24,0,605.0,NO,No,Bajo,1
1336,69,Femenino,Divorciado,Licenciatura,Tarija,Dependiente,309.0,8819.0,42928.0,6,4,617.0,Sí,Sí,Alto,0
1337,34,Femenino,Casado,Secundaria,La Paz,Independiente,169.0,3743.0,34485.0,6,3,659.0,Sí,No,Medio,0
1338,28,Femenino,Divorciado,Técnico,Oruro,Independiente,400.0,,60749.0,12,6,620.0,No,No,Medio,0
1339,68,Femenino,Casado,Primaria,Santa Cruz,Dependiente,358.0,1685.0,17731.0,36,4,638.0,No,No,Bajo,0
1340,51,Femenino, DIVORCIADO,Secundaria,El Alto,Dependiente,392.0,6519.0,34268.0,24,3,332.0,NO,Sí,Alto,0
1341,33,Femenino,Soltero,Primaria,La Paz,Dependiente,385.0,800.0,9405.0,24,2,655.0,NO,No,Bajo,0
1342,50,Masculino,Casado,Licenciatura,Riberalta,Dependiente,75.0,8065.0,21763.0,18,0,,Sí,No,Bajo,1
1343,45,Femenino, SOLTERO,Secundaria,La Paz,Independiente,421.0,,16743.0,48,6,743.0,si,No,Medio,0
1344,65,Masculino,Casado,Licenciatura,Sucre,Dependiente,404.0,10923.0,68273.0,18,5,768.0,NO,No,Bajo,0
1345,31,Masculino,Casado,Primaria,Cochabamba,Desempleado,,4287.0,12568.0,36,1,633.0,Sí,No,Medio,0
1346,70,Femenino,,Licenciatura,Potosí,Dependiente,472.0,13430.0,156823.0,48,4,723.0,NO,No,Bajo,1
1347,67,Femenino,Divorciado,Licenciatura,Potosí,Dependiente,253.0,10145.0,115456.0,24,2,551.0,NO,No,Medio,0
1348,27,Masculino,Soltero,Secundaria,Tarija,Desempleado,,2546.0,5473.0,48,3,719.0,No,No,Medio,0
1349,26,Masculino,Soltero,Primaria,El Alto,Dependiente,107.0,2732.0,31585.0,12,5,598.0,Sí,No,Medio,1
1350,46,Femenino,Soltero,Primaria,La Paz,Independiente,175.0,,9237.0,36,5,543.0,No,No,Alto,0
1351,20,Femenino,Casado,Licenciatura,Cochabamba,Jubilado,409.0,145702.0,400000.0,12,1,633.0,Sí,No,Bajo,1
1352,33,Femenino,Soltero,Secundaria,Santa Cruz,Jubilado,461.0,2901.0,34049.0,24,2,776.0,NO,No,Bajo,1
1353,41,Femenino,Casado,Técnico,La Paz,Empleado Público,340.0,,68351.0,12,5,666.0,si,No,Bajo,0
1354,69,Masculino,Soltero,Técnico,El Alto,Dependiente,321.0,5520.0,18039.0,6,6,785.0,No,No,Bajo,0
1355,70,Femenino,Divorciado,Licenciatura,Santa Cruz,Independiente,264.0,8593.0,14369.0,6,0,583.0,No,Sí,Alto,0
1356,26,Femenino,Unión Libre,Técnico,La Paz,Jubilado,242.0,7571.0,54183.0,18,5,744.0,si,No,Bajo,1
1357,65,Masculino,Casado,Técnico,La Paz,Jubilado,281.0,9328.0,110761.0,24,3,591.0,NO,Sí,Alto,0
1358,22,Femenino,Casado,Posgrado,Montero,Dependiente,419.0,13761.0,103428.0,24,4,,si,Sí,Alto,0
1359,57,Femenino, VIUDO,Secundaria,El Alto,Dependiente,42.0,2302.0,15303.0,18,0,670.0,No,No,Bajo,0
1360,62,Masculino,Unión Libre,Licenciatura,Yacuiba,Dependiente,184.0,6947.0,15199.0,60,4,710.0,No,No,Bajo,1
1361,65,Femenino,Casado,Primaria,Sacaba,Dependiente,478.0,6484.0,73853.0,48,4,673.0,No,No,Bajo,0
1362,29,Femenino,Viudo,Técnico,La Paz,Independiente,414.0,,41025.0,12,4,583.0,Sí,No,Alto,1
1363,65,Femenino,Unión Libre,Licenciatura,Potosí,Dependiente,478.0,7892.0,70657.0,18,5,729.0,No,Sí,Alto,0
1364,24,Masculino,Divorciado,Licenciatura,Cochabamba,Dependiente,88.0,11748.0,107009.0,24,6,806.0,No,No,Bajo,1
1365,45,Femenino,Casado,Licenciatura,Potosí,Dependiente,223.0,9651.0,44341.0,36,5,597.0,No,No,Medio,1
1366,42,Femenino,Soltero,Secundaria,La Paz,Independiente,62.0,5564.0,14168.0,18,5,,Sí,No,Alto,0
1367,34,Femenino,Soltero,Técnico,El Alto,Dependiente,416.0,5859.0,37172.0,36,6,,si,Sí,Alto,0
1368,19,Femenino,Casado,Secundaria,La Paz,Independiente,249.0,6798.0,37471.0,12,4,620.0,No,No,Medio,0
1369,58,Masculino,Casado,Técnico,Cochabamba,Dependiente,117.0,3432.0,33711.0,18,4,638.0,Sí,No,Bajo,1
1370,35,Femenino,Casado,Técnico,Yacuiba,Jubilado,390.0,5869.0,62226.0,36,3,700.0,si,No,Bajo,1
1371,53,Masculino,Casado,Secundaria,Potosí,Dependiente,354.0,2765.0,15428.0,24,5,609.0,No,No,Bajo,0
1372,39,Masculino,Casado,Secundaria,Potosí,Independiente,390.0,1749.0,15372.0,36,0,626.0,Sí,Sí,Alto,0
1373,37,Masculino,Divorciado,Secundaria,Yacuiba,Dependiente,422.0,3791.0,11973.0,6,3,641.0,No,No,Bajo,1
1374,64,Femenino,Soltero,Secundaria,Potosí,Dependiente,467.0,4497.0,21756.0,12,2,782.0,Sí,No,Bajo,1
1375,23,Masculino,Soltero,Secundaria,La Paz,Dependiente,391.0,2793.0,27502.0,6,6,653.0,No,No,Bajo,1
1376,57,Masculino,Divorciado,Licenciatura,Tarija,Dependiente,378.0,9982.0,101433.0,12,0,539.0,No,No,Medio,0
1377,57,Femenino,Divorciado,Licenciatura,Santa Cruz,Dependiente,390.0,11107.0,110864.0,6,4,542.0,NO,Sí,Alto,0
1378,38,Masculino,Unión Libre,Secundaria,La Paz,Independiente,480.0,,18584.0,24,1,663.0,No,No,Medio,1
1379,31,Masculino, VIUDO,Licenciatura,Santa Cruz,Independiente,222.0,8528.0,63880.0,24,6,548.0,No,No,Alto,0
1380,18,Femenino,Viudo,Licenciatura,Montero,Dependiente,364.0,10448.0,66353.0,36,5,509.0,Sí,No,Medio,1
1381,67,Masculino,Soltero,Secundaria,El Alto,Independiente,394.0,,50377.0,18,1,707.0,No,No,Medio,1
1382,68,Femenino,Casado,Secundaria,Santa Cruz,Independiente,55.0,3834.0,34016.0,6,6,,NO,No,Medio,0
1383,30,Masculino, SOLTERO,Primaria,La Paz,Dependiente,332.0,,32966.0,36,3,617.0,NO,No,Bajo,1
1384,19,Masculino,Casado,Primaria,La Paz,Dependiente,162.0,800.0,4027.0,6,6,676.0,Sí,No,Bajo,1
1385,24,Femenino,Unión Libre,Licenciatura,La Paz,Dependiente,63.0,9948.0,66891.0,48,5,667.0,Sí,Sí,Alto,0
1386,21,Masculino,Soltero,Posgrado,Potosí,Dependiente,81.0,15261.0,150114.0,6,0,704.0,No,No,Bajo,1
1387,62,Femenino,Casado,Primaria,Tarija,Independiente,54.0,4239.0,26362.0,24,1,704.0,No,No,Medio,1
1388,65,Masculino,Soltero,Licenciatura,La Paz,Jubilado,370.0,185877.0,400000.0,48,2,415.0,Sí,Sí,Alto,0
1389,26,Masculino,Soltero,Primaria,El Alto,Jubilado,269.0,3073.0,22454.0,24,1,628.0,Sí,No,Bajo,1
1390,57,Femenino,Soltero,Técnico,El Alto,Jubilado,413.0,8408.0,103490.0,24,0,697.0,No,No,Bajo,1
1391,27,Femenino,Soltero,Licenciatura,La Paz,Independiente,300.0,10786.0,37728.0,36,6,613.0,Sí,Sí,Alto,0
1392,37,Femenino,,Secundaria,Cochabamba,Dependiente,317.0,1069.0,16341.0,12,6,653.0,No,No,Bajo,0
1393,49,Femenino,Casado,Primaria,Potosí,Dependiente,249.0,5296.0,32387.0,36,3,718.0,Sí,No,Bajo,1
1394,56,Femenino,Divorciado,Técnico,Cochabamba,Dependiente,291.0,10589.0,72191.0,48,1,657.0,si,No,Bajo,0
1395,64,Femenino,Casado,Posgrado,Santa Cruz,Dependiente,436.0,10585.0,78365.0,60,1,786.0,Sí,No,Bajo,1
1396,20,Femenino,Soltero,Secundaria,Cochabamba,Dependiente,249.0,1643.0,10901.0,24,6,751.0,NO,Sí,Alto,0
1397,28,Femenino,Soltero,Secundaria,La Paz,Independiente,317.0,,46524.0,18,2,639.0,No,Sí,Alto,0
1398,32,Masculino,Divorciado,Secundaria,La Paz,Dependiente,274.0,2433.0,30888.0,36,0,632.0,Sí,No,Bajo,1
1399,34,Masculino,Soltero,Técnico,Montero,Dependiente,190.0,8151.0,97100.0,24,2,393.0,Sí,No,Medio,0
1400,70,Masculino,,Técnico,Oruro,Empleado Público,428.0,6921.0,85435.0,12,3,621.0,Sí,No,Bajo,0
1401,59,Femenino,Soltero,Licenciatura,Montero,Dependiente,199.0,10795.0,94475.0,12,4,528.0,Sí,No,Medio,1
1402,34,Masculino,Casado,Licenciatura,Montero,Desempleado,,6546.0,41187.0,12,2,670.0,No,No,Medio,1
1403,69,Masculino,Divorciado,Licenciatura,Cochabamba,Dependiente,291.0,10069.0,108013.0,24,6,664.0,si,No,Bajo,1
1404,44,Femenino,Soltero,Licenciatura,Montero,Independiente,329.0,11748.0,22745.0,12,4,713.0,No,No,Medio,1
1405,44,Femenino,Soltero,Secundaria,Santa Cruz,Dependiente,365.0,4220.0,45268.0,6,6,776.0,si,No,Bajo,0
1406,40,Masculino,Unión Libre,Técnico,La Paz,Independiente,353.0,5806.0,39573.0,6,2,648.0,NO,No,Medio,0
1407,25,Femenino,Soltero,Secundaria,La Paz,Dependiente,271.0,2859.0,27018.0,48,4,850.0,Sí,No,Bajo,0
1408,67,Masculino,Casado,Secundaria,La Paz,Dependiente,296.0,800.0,7237.0,6,2,671.0,Sí,No,Bajo,0
1409,18,Masculino, CASADO,Posgrado,La Paz,Independiente,244.0,10919.0,59169.0,6,4,532.0,Sí,No,Alto,0
1410,27,Femenino,Soltero,Licenciatura,Santa Cruz,Dependiente,163.0,7514.0,16947.0,24,5,599.0,Sí,No,Medio,0
1411,30,Femenino,Divorciado,Posgrado,Potosí,Dependiente,349.0,11234.0,67678.0,12,2,616.0,Sí,Sí,Alto,0
1412,32,Masculino,Divorciado,Técnico,Sucre,Desempleado,,5297.0,31383.0,60,6,703.0,No,Sí,Alto,0
1413,24,Masculino, CASADO,Técnico,Cochabamba,Dependiente,339.0,8001.0,32891.0,48,6,565.0,si,No,Medio,0
1414,18,Femenino,Divorciado,Técnico,La Paz,Independiente,371.0,4258.0,19390.0,18,6,623.0,Sí,No,Medio,0
1415,53,Masculino,Soltero,Secundaria,Oruro,Independiente,399.0,3999.0,35100.0,24,1,636.0,Sí,No,Medio,0
1416,69,Masculino, SOLTERO,Secundaria,Santa Cruz,Dependiente,176.0,2712.0,13455.0,18,5,610.0,No,No,Bajo,1
1417,24,Masculino, CASADO,Técnico,La Paz,Independiente,30.0,,73913.0,6,0,723.0,No,Sí,Alto,0
1418,33,Masculino,Unión Libre,Primaria,El Alto,Dependiente,162.0,6924.0,22156.0,18,0,708.0,No,Sí,Alto,1
1419,44,Femenino,Soltero,Posgrado,Santa Cruz,Empleado Público,363.0,,78489.0,12,6,,No,No,Bajo,1
1420,67,Femenino,Soltero,Secundaria,El Alto,Dependiente,392.0,5115.0,21175.0,12,1,620.0,No,No,Bajo,1
1421,54,Masculino,Casado,Secundaria,Sucre,Dependiente,247.0,6781.0,51496.0,24,6,758.0,Sí,No,Bajo,1
1422,58,Femenino,Divorciado,Licenciatura,Oruro,Dependiente,374.0,8730.0,68474.0,12,3,527.0,NO,Sí,Alto,0
1423,48,Masculino,Soltero,Secundaria,Potosí,Desempleado,,5081.0,46633.0,12,2,525.0,No,No,Alto,0
1424,40,Masculino,Casado,Posgrado,La Paz,Empleado Público,309.0,12954.0,78113.0,24,0,541.0,Sí,No,Medio,1
1425,28,Femenino, CASADO,Licenciatura,Sucre,Jubilado,254.0,7474.0,53488.0,24,4,651.0,No,Sí,Alto,0
1426,63,Masculino, CASADO,Primaria,Potosí,Independiente,244.0,4214.0,18050.0,12,5,758.0,si,Sí,Alto,0
1427,60,Femenino,Soltero,Licenciatura,El Alto,Independiente,344.0,10292.0,65517.0,6,3,596.0,Sí,No,Alto,1
1428,19,Masculino,Soltero,Licenciatura,Cochabamba,Independiente,236.0,,71330.0,12,5,607.0,No,No,Medio,0
1429,55,Femenino,Casado,Licenciatura,Santa Cruz,Desempleado,,10180.0,89913.0,12,2,631.0,Sí,No,Medio,1
1430,22,Masculino,Casado,Licenciatura,Santa Cruz,Independiente,290.0,7325.0,48395.0,36,3,702.0,No,No,Medio,1
1431,57,Masculino,Viudo,Licenciatura,La Paz,Dependiente,381.0,8245.0,81912.0,48,2,607.0,No,No,Bajo,1
1432,61,Femenino,Casado,Técnico,Santa Cruz,Independiente,119.0,,50414.0,18,4,602.0,No,Sí,Alto,0
1433,24,Masculino,Casado,Secundaria,La Paz,Independiente,144.0,2355.0,12731.0,18,0,529.0,si,No,Alto,0
1434,40,Masculino,Unión Libre,Licenciatura,La Paz,Dependiente,201.0,8934.0,39302.0,36,3,599.0,NO,No,Medio,1
1435,24,Masculino, CASADO,Posgrado,La Paz,Dependiente,97.0,134833.0,267750.0,24,3,,No,No,Bajo,1
1436,48,Masculino,Casado,Técnico,Quillacollo,Dependiente,160.0,7372.0,57540.0,12,3,658.0,Sí,No,Bajo,0
1437,67,Masculino,Unión Libre,Licenciatura,El Alto,Empleado Público,168.0,9219.0,94269.0,12,3,,Sí,No,Medio,1
1438,22,Femenino,,Técnico,Santa Cruz,Dependiente,151.0,10701.0,103009.0,24,4,,No,Sí,Alto,0
1439,39,Masculino,Casado,Licenciatura,Santa Cruz,Empleado Público,197.0,10213.0,63989.0,24,3,597.0,No,No,Medio,0
1440,69,Femenino,Divorciado,Posgrado,Trinidad,Independiente,242.0,9712.0,39537.0,12,1,778.0,Sí,No,Medio,1
1441,33,Masculino,Soltero,Secundaria,Cochabamba,Empleado Público,334.0,6141.0,68412.0,18,1,776.0,Sí,Sí,Alto,0
1442,25,Masculino,Casado,Secundaria,Montero,Dependiente,145.0,7034.0,15483.0,18,4,655.0,No,No,Bajo,1
1443,43,Femenino, SOLTERO,Técnico,El Alto,Desempleado,,8777.0,51922.0,12,6,515.0,Sí,No,Alto,0
1444,44,Femenino,Soltero,Técnico,La Paz,Independiente,230.0,5786.0,65418.0,24,5,850.0,Sí,Sí,Alto,1
1445,53,Masculino,Casado,Técnico,Cochabamba,Dependiente,346.0,5807.0,33779.0,36,4,685.0,No,No,Bajo,1
1446,34,Femenino,Soltero,Primaria,Santa Cruz,Dependiente,55.0,1656.0,7411.0,24,6,621.0,si,No,Bajo,1
1447,68,Masculino,Divorciado,Técnico,Sucre,Dependiente,83.0,5554.0,26160.0,12,6,736.0,Sí,No,Bajo,1
1448,45,Femenino,Unión Libre,Técnico,Tarija,Dependiente,218.0,5420.0,46080.0,12,3,713.0,No,No,Bajo,1
1449,33,Masculino,Divorciado,Técnico,Santa Cruz,Empleado Público,176.0,6632.0,24296.0,36,0,768.0,No,No,Bajo,1
1450,68,Femenino,Soltero,Licenciatura,Sacaba,Jubilado,478.0,8444.0,74900.0,24,4,590.0,No,No,Medio,0
1451,67,Femenino,Soltero,Licenciatura,Cochabamba,Independiente,76.0,10677.0,65734.0,6,4,679.0,Sí,No,Medio,1
1452,44,Masculino, SOLTERO,Licenciatura,El Alto,Independiente,227.0,10365.0,54209.0,12,1,543.0,No,Sí,Alto,0
1453,19,Masculino,Soltero,Licenciatura,Santa Cruz,Independiente,330.0,,44888.0,36,5,710.0,No,No,Medio,1
1454,49,Femenino,Unión Libre,Licenciatura,La Paz,Empleado Público,350.0,6825.0,71333.0,36,6,648.0,No,No,Bajo,0
1455,47,Femenino,Casado,Técnico,Sucre,Empleado Público,119.0,,57715.0,48,2,675.0,No,No,Bajo,1
1456,25,Masculino,Soltero,Licenciatura,La Paz,Dependiente,165.0,8496.0,81800.0,24,3,637.0,No,No,Bajo,0
1457,51,Masculino,Divorciado,Secundaria,El Alto,Jubilado,277.0,4199.0,27567.0,18,1,627.0,No,No,Bajo,1
1458,62,Femenino,Casado,Secundaria,Cochabamba,Dependiente,249.0,7558.0,19127.0,18,1,572.0,No,No,Medio,0
1459,23,Masculino,Soltero,Técnico,La Paz,Empleado Público,380.0,6272.0,43269.0,12,1,721.0,Sí,No,Bajo,0
1460,56,Masculino,Soltero,Licenciatura,La Paz,Jubilado,347.0,,70940.0,36,2,784.0,No,No,Bajo,1
1461,25,Masculino,Casado,Licenciatura,Potosí,Empleado Público,322.0,9071.0,61687.0,24,1,600.0,No,Sí,Alto,0
1462,57,Masculino, DIVORCIADO,Secundaria,La Paz,Dependiente,425.0,3944.0,41217.0,12,1,700.0,Sí,No,Bajo,1
1463,40,Masculino,Soltero,Técnico,Santa Cruz,Independiente,143.0,6117.0,69258.0,48,3,689.0,Sí,Sí,Alto,0
1464,18,Femenino, UNIÓN LIBRE,Secundaria,Santa Cruz,Dependiente,395.0,2363.0,24683.0,18,4,651.0,NO,No,Bajo,1
1465,69,Masculino,Viudo,Licenciatura,El Alto,Empleado Público,160.0,14125.0,107776.0,6,2,513.0,Sí,No,Medio,1
1466,26,Masculino,Divorciado,Licenciatura,El Alto,Dependiente,160.0,7677.0,56009.0,18,3,533.0,No,No,Medio,0
1467,49,Masculino,Soltero,Técnico,Oruro,Independiente,314.0,8904.0,75163.0,48,1,580.0,No,Sí,Alto,0
1468,27,Femenino,Soltero,Técnico,Quillacollo,Desempleado,,6640.0,34964.0,48,4,457.0,Sí,No,Alto,0
1469,67,Femenino,Viudo,Secundaria,La Paz,Dependiente,264.0,6820.0,69389.0,24,4,777.0,Sí,No,Bajo,1
1470,57,Masculino,Soltero,Técnico,Quillacollo,Dependiente,111.0,,90514.0,60,6,683.0,No,No,Bajo,0
1471,60,Femenino,Casado,Licenciatura,Cochabamba,Independiente,46.0,11057.0,50345.0,48,0,647.0,si,No,Medio,1
1472,40,Masculino,Divorciado,Licenciatura,Cochabamba,Dependiente,437.0,9219.0,103020.0,36,5,453.0,No,No,Medio,0
1473,42,Femenino,Soltero,Técnico,Potosí,Dependiente,420.0,8597.0,94102.0,48,2,486.0,Sí,Sí,Alto,0
1474,51,Masculino, DIVORCIADO,Secundaria,Potosí,Dependiente,426.0,8592.0,51649.0,18,0,650.0,No,No,Bajo,0
1475,59,Masculino,Unión Libre,Primaria,Sucre,Dependiente,246.0,3773.0,46022.0,36,4,827.0,No,No,Bajo,0
1476,62,Femenino, CASADO,Secundaria,Santa Cruz,Independiente,425.0,5521.0,18981.0,24,1,587.0,Sí,Sí,Alto,0
1477,18,Femenino,Casado,Secundaria,Cochabamba,Independiente,227.0,2249.0,5563.0,36,1,728.0,No,No,Medio,0
1478,53,Masculino,Viudo,Secundaria,Santa Cruz,Dependiente,36.0,3381.0,21259.0,12,6,,No,No,Bajo,0
1479,23,Masculino,Casado,Posgrado,La Paz,Independiente,95.0,14414.0,109340.0,36,1,655.0,Sí,No,Medio,0
1480,33,Femenino,Casado,Técnico,Cochabamba,Dependiente,131.0,5413.0,32947.0,60,3,,Sí,No,Bajo,1
1481,61,Masculino,Divorciado,Secundaria,La Paz,Dependiente,181.0,2569.0,29447.0,18,1,619.0,No,No,Bajo,1
1482,31,Masculino,Casado,Secundaria,El Alto,Empleado Público,451.0,6590.0,27658.0,60,0,588.0,No,No,Medio,1
1483,60,Femenino,Soltero,Secundaria,La Paz,Dependiente,160.0,4134.0,21128.0,18,0,778.0,NO,No,Bajo,0
1484,42,Femenino,Soltero,Licenciatura,El Alto,Independiente,294.0,11373.0,97525.0,12,0,,No,No,Medio,1
1485,30,Femenino,Soltero,Técnico,Cochabamba,Desempleado,,7398.0,11713.0,12,3,,Sí,No,Medio,1
1486,35,Femenino,Casado,Licenciatura,Cochabamba,Independiente,309.0,7527.0,72681.0,36,3,588.0,si,No,Alto,0
1487,46,Femenino, CASADO,Licenciatura,Santa Cruz,Independiente,272.0,9488.0,56530.0,24,0,777.0,No,No,Medio,1
1488,58,Femenino,Casado,Secundaria,La Paz,Dependiente,72.0,4404.0,54250.0,18,2,675.0,No,No,Bajo,0
1489,50,Masculino,Casado,Licenciatura,Santa Cruz,Dependiente,222.0,7708.0,71855.0,24,1,689.0,NO,Sí,Alto,0
1490,67,Femenino,Divorciado,Posgrado,Santa Cruz,Dependiente,50.0,11500.0,27339.0,18,3,662.0,Sí,No,Bajo,1
1491,63,Masculino,Unión Libre,Técnico,Potosí,Empleado Público,427.0,8734.0,22666.0,24,6,,No,No,Bajo,1
1492,57,Femenino,Soltero,Primaria,Cochabamba,Empleado Público,338.0,2787.0,11031.0,48,4,650.0,No,No,Bajo,1
1493,49,Femenino,,Posgrado,Santa Cruz,Dependiente,452.0,12149.0,143240.0,36,6,610.0,Sí,No,Bajo,1
1494,33,Masculino, CASADO,Licenciatura,Santa Cruz,Dependiente,421.0,6194.0,53842.0,36,1,736.0,No,No,Bajo,1
1495,39,Masculino,Casado,Técnico,Sacaba,Dependiente,105.0,9222.0,58079.0,24,1,632.0,No,No,Bajo,1
1496,24,Femenino,Soltero,Técnico,Oruro,Independiente,340.0,,19025.0,60,5,515.0,Sí,No,Alto,1
1497,37,Femenino,Divorciado,Secundaria,Santa Cruz,Independiente,48.0,,57703.0,12,2,,Sí,No,Alto,0
1498,67,Femenino,Unión Libre,Licenciatura,Santa Cruz,Independiente,462.0,,42124.0,12,5,495.0,si,Sí,Alto,0
1499,40,Masculino,Casado,Técnico,La Paz,Desempleado,,10953.0,100080.0,12,3,706.0,No,No,Medio,1
1500,24,Femenino,Unión Libre,Primaria,Quillacollo,Dependiente,327.0,879.0,9858.0,24,1,546.0,si,Sí,Alto,0
1501,52,Femenino,Unión Libre,Licenciatura,El Alto,Independiente,478.0,,47917.0,24,5,677.0,Sí,No,Medio,1
1502,69,Femenino,Casado,Posgrado,El Alto,Independiente,407.0,,84044.0,36,3,662.0,Sí,No,Medio,0
1503,63,Masculino,Casado,Licenciatura,Riberalta,Dependiente,415.0,7796.0,33146.0,18,5,644.0,Sí,No,Bajo,1
1504,32,Masculino, CASADO,Secundaria,Potosí,Desempleado,,2083.0,16210.0,6,3,689.0,Sí,No,Medio,0
1505,42,Masculino,Unión Libre,Primaria,La Paz,Dependiente,11.0,2949.0,34709.0,24,0,664.0,No,No,Bajo,0
1506,46,Masculino, SOLTERO,Posgrado,La Paz,Empleado Público,462.0,10044.0,91679.0,60,4,406.0,Sí,No,Medio,0
1507,31,Femenino,Casado,Posgrado,La Paz,Empleado Público,120.0,15910.0,168218.0,18,0,621.0,Sí,No,Bajo,0
1508,32,Femenino,Viudo,Técnico,Cochabamba,Desempleado,,8360.0,60853.0,12,4,688.0,Sí,Sí,Alto,0
1509,30,Femenino,Soltero,Licenciatura,La Paz,Independiente,20.0,11193.0,45946.0,18,2,798.0,Sí,No,Medio,0
1510,70,Masculino,Divorciado,Técnico,Montero,Dependiente,299.0,5419.0,50113.0,18,5,802.0,Sí,No,Bajo,0
1511,57,Masculino,Casado,Técnico,Montero,Empleado Público,394.0,6231.0,45520.0,12,6,527.0,No,No,Medio,0
1512,62,Masculino,Unión Libre,Secundaria,Cochabamba,Empleado Público,404.0,6562.0,23521.0,18,2,619.0,No,No,Bajo,1
1513,61,Masculino,Viudo,Secundaria,Cochabamba,Independiente,279.0,4764.0,31917.0,24,6,509.0,No,No,Alto,0
1514,68,Masculino,Soltero,Secundaria,El Alto,Empleado Público,318.0,3483.0,30290.0,18,0,787.0,Sí,No,Bajo,1
1515,23,Masculino,,Licenciatura,La Paz,Dependiente,247.0,10289.0,95422.0,18,0,741.0,No,Sí,Alto,0
1516,64,Femenino,,Secundaria,Potosí,Independiente,214.0,3892.0,16254.0,6,6,682.0,NO,No,Medio,0
1517,21,Femenino,Casado,Secundaria,La Paz,Desempleado,,4892.0,54335.0,48,4,665.0,Sí,No,Medio,1
1518,43,Femenino,Casado,Técnico,La Paz,Dependiente,450.0,9761.0,55581.0,18,3,774.0,Sí,No,Bajo,1
1519,49,Masculino,Divorciado,Secundaria,El Alto,Independiente,121.0,,23120.0,18,1,759.0,NO,No,Medio,1
1520,36,Femenino, SOLTERO,Secundaria,La Paz,Jubilado,438.0,3980.0,16516.0,12,2,754.0,Sí,Sí,Alto,0
1521,25,Masculino,Soltero,Técnico,Santa Cruz,Empleado Público,289.0,,51402.0,24,4,691.0,Sí,Sí,Alto,1
1522,28,Masculino,Casado,Secundaria,Potosí,Desempleado,,4549.0,24806.0,48,5,619.0,No,No,Medio,0
1523,61,Masculino,Casado,Licenciatura,Sucre,Dependiente,14.0,13305.0,90322.0,6,6,719.0,Sí,Sí,Alto,0
1524,34,Femenino, CASADO,Posgrado,Cochabamba,Jubilado,363.0,10482.0,41917.0,12,2,723.0,No,No,Bajo,0
1525,34,Femenino,Soltero,Secundaria,Tarija,Dependiente,310.0,2512.0,25223.0,12,3,633.0,Sí,No,Bajo,0
1526,66,Femenino,Soltero,Posgrado,Santa Cruz,Independiente,333.0,11505.0,116223.0,24,1,618.0,Sí,No,Medio,0
1527,25,Masculino, VIUDO,Posgrado,Tarija,Independiente,353.0,,52438.0,48,0,752.0,Sí,No,Medio,1
1528,66,Masculino,Soltero,Licenciatura,Santa Cruz,Empleado Público,476.0,7295.0,86092.0,24,3,800.0,si,No,Bajo,0
1529,66,Masculino, CASADO,Licenciatura,El Alto,Desempleado,,11785.0,25624.0,18,4,583.0,No,No,Alto,0
1530,49,Femenino, UNIÓN LIBRE,Licenciatura,Quillacollo,Empleado Público,278.0,7111.0,21644.0,36,0,626.0,NO,No,Bajo,0
1531,26,Femenino,Soltero,Licenciatura,El Alto,Independiente,159.0,11244.0,88932.0,36,2,682.0,No,No,Medio,1
1532,26,Femenino,Casado,Licenciatura,La Paz,Independiente,178.0,10788.0,97159.0,12,4,694.0,No,No,Medio,0
1533,33,Masculino,Soltero,Primaria,El Alto,Independiente,397.0,2836.0,14853.0,12,5,603.0,Sí,No,Medio,1
1534,48,Masculino,Viudo,Posgrado,Santa Cruz,Independiente,225.0,,104415.0,18,6,820.0,Sí,No,Medio,1
1535,26,Femenino,Casado,Técnico,Santa Cruz,Dependiente,344.0,1918.0,9993.0,36,2,,Sí,No,Bajo,0
1536,42,Masculino,Viudo,Licenciatura,Cochabamba,Independiente,59.0,,64691.0,36,2,698.0,No,No,Medio,0
1537,24,Femenino,Soltero,Secundaria,Trinidad,Desempleado,,6531.0,55125.0,36,6,808.0,NO,Sí,Alto,0
1538,46,Masculino,Casado,Primaria,El Alto,Empleado Público,103.0,6720.0,78781.0,36,4,610.0,No,No,Bajo,1
1539,19,Femenino,,Técnico,Cochabamba,Empleado Público,93.0,9879.0,62341.0,12,1,642.0,No,No,Bajo,0
1540,55,Femenino,Soltero,Técnico,Santa Cruz,Dependiente,291.0,4604.0,41776.0,18,4,,No,Sí,Alto,0
1541,20,Masculino,Soltero,Técnico,Sucre,Independiente,306.0,10008.0,80274.0,6,1,634.0,Sí,No,Medio,1
1542,28,Femenino, SOLTERO,Secundaria,La Paz,Dependiente,268.0,4250.0,22594.0,48,3,516.0,No,No,Medio,0
1543,27,Femenino, UNIÓN LIBRE,Secundaria,La Paz,Dependiente,139.0,4749.0,24155.0,24,2,717.0,No,No,Bajo,0
1544,62,Femenino, CASADO,Técnico,Santa Cruz,Independiente,277.0,8630.0,106109.0,18,6,,No,No,Medio,0
1545,20,Femenino,Casado,Secundaria,Potosí,Dependiente,57.0,4248.0,19635.0,6,0,625.0,Sí,Sí,Alto,0
1546,40,Masculino,Casado,Posgrado,Sucre,Dependiente,227.0,12965.0,130729.0,36,5,641.0,Sí,No,Bajo,1
1547,49,Masculino,Casado,Secundaria,Cochabamba,Independiente,74.0,,22622.0,36,1,719.0,No,No,Medio,1
1548,45,Masculino,Casado,Secundaria,Oruro,Independiente,36.0,4920.0,51549.0,36,0,,No,No,Alto,0
1549,54,Femenino,Casado,Secundaria,Santa Cruz,Dependiente,79.0,5891.0,22952.0,12,4,668.0,No,No,Bajo,0
1550,60,Masculino,Casado,Técnico,La Paz,Dependiente,53.0,9268.0,111228.0,48,4,713.0,No,No,Bajo,1
1551,38,Femenino,Soltero,Técnico,La Paz,Independiente,229.0,,89564.0,36,0,490.0,Sí,No,Alto,0
1552,61,Femenino, VIUDO,Licenciatura,La Paz,Independiente,262.0,9924.0,24840.0,36,0,712.0,Sí,No,Medio,1
1553,34,Femenino,Divorciado,Posgrado,Santa Cruz,Independiente,292.0,14153.0,127613.0,36,0,499.0,No,No,Alto,1
1554,70,Masculino,Soltero,Secundaria,Santa Cruz,Independiente,211.0,4755.0,41435.0,48,2,639.0,Sí,No,Medio,1
1555,44,Masculino,Casado,Licenciatura,Santa Cruz,Dependiente,84.0,9256.0,47266.0,48,0,545.0,No,No,Medio,1
1556,57,Masculino,Soltero,Primaria,Cochabamba,Desempleado,,1739.0,9443.0,24,4,779.0,No,No,Medio,0
1557,64,Masculino,Unión Libre,Secundaria,Santa Cruz,Dependiente,342.0,4707.0,47061.0,18,0,546.0,Sí,No,Medio,1
1558,60,Masculino, UNIÓN LIBRE,Técnico,Potosí,Independiente,472.0,10253.0,95313.0,18,5,501.0,Sí,No,Alto,0
1559,63,Masculino,Unión Libre,Primaria,Cochabamba,Dependiente,135.0,5285.0,26888.0,36,6,,Sí,No,Bajo,1
1560,46,Masculino,Soltero,Licenciatura,El Alto,Independiente,98.0,,87525.0,24,5,613.0,Sí,No,Medio,0
1561,20,Femenino,Soltero,Licenciatura,Santa Cruz,Dependiente,149.0,92449.0,400000.0,6,6,515.0,No,No,Medio,0
1562,44,Femenino,Soltero,Licenciatura,Cochabamba,Desempleado,,10379.0,26691.0,12,6,697.0,Sí,No,Medio,1
1563,27,Femenino,Soltero,Técnico,Cochabamba,Dependiente,107.0,,61630.0,48,0,471.0,Sí,Sí,Alto,0
1564,65,Masculino, SOLTERO,Licenciatura,El Alto,Independiente,237.0,,29984.0,48,2,557.0,Sí,No,Alto,0
1565,30,Masculino,Soltero,Técnico,Santa Cruz,Dependiente,377.0,7669.0,36205.0,60,5,598.0,Sí,No,Medio,1
1566,30,Masculino,Unión Libre,Primaria,Potosí,Dependiente,342.0,1791.0,14367.0,18,2,,No,No,Bajo,1
1567,31,Femenino,Soltero,Secundaria,Cochabamba,Dependiente,461.0,,25101.0,36,5,767.0,No,No,Bajo,1
1568,52,Masculino,Soltero,Licenciatura,La Paz,Independiente,171.0,,31606.0,36,5,749.0,No,No,Medio,0
1569,48,Femenino,Divorciado,Posgrado,Santa Cruz,Independiente,236.0,10973.0,100246.0,18,6,636.0,No,No,Medio,1
1570,68,Femenino,Casado,Primaria,Trinidad,Jubilado,419.0,3806.0,32046.0,12,2,432.0,Sí,Sí,Alto,0
1571,40,Femenino,Divorciado,Técnico,La Paz,Empleado Público,20.0,5482.0,61466.0,60,2,685.0,No,No,Bajo,1
1572,32,Femenino,Casado,Licenciatura,Tarija,Jubilado,409.0,11564.0,92250.0,6,0,782.0,Sí,No,Bajo,1
1573,20,Masculino,Viudo,Licenciatura,La Paz,Dependiente,125.0,10755.0,71325.0,24,1,761.0,No,No,Bajo,1
1574,18,Femenino,Casado,Técnico,Santa Cruz,Empleado Público,230.0,6915.0,30875.0,36,1,692.0,Sí,No,Bajo,0
1575,37,Masculino,Casado,Licenciatura,Santa Cruz,Independiente,76.0,,100930.0,36,3,,Sí,No,Alto,0
1576,67,Femenino,Casado,Licenciatura,La Paz,Independiente,356.0,11671.0,44359.0,12,2,603.0,Sí,No,Medio,1
1577,45,Femenino,Casado,Licenciatura,Montero,Jubilado,468.0,9556.0,40310.0,36,5,824.0,No,Sí,Alto,0
1578,65,Masculino,Soltero,Secundaria,Santa Cruz,Independiente,462.0,,40803.0,12,5,,Sí,Sí,Alto,0
1579,23,Femenino,Casado,Posgrado,Quillacollo,Desempleado,,11069.0,103333.0,36,5,547.0,No,Sí,Alto,0
1580,22,Masculino,Soltero,Primaria,El Alto,Empleado Público,56.0,2208.0,19183.0,12,0,735.0,Sí,Sí,Alto,0
1581,62,Masculino,Divorciado,Licenciatura,Tarija,Dependiente,464.0,12519.0,26004.0,36,3,611.0,No,No,Bajo,1
1582,23,Masculino,Soltero,Primaria,Montero,Independiente,407.0,,18495.0,36,5,544.0,No,No,Alto,1
1583,20,Femenino,Soltero,Secundaria,Cochabamba,Independiente,283.0,,38543.0,12,1,788.0,Sí,No,Medio,1
1584,39,Femenino,Soltero,Primaria,El Alto,Desempleado,,3841.0,37226.0,12,2,,Sí,No,Medio,1
1585,67,Masculino,Divorciado,Técnico,Potosí,Empleado Público,249.0,6512.0,42530.0,36,5,616.0,si,No,Bajo,1
1586,54,Femenino,Soltero,Secundaria,Cochabamba,Dependiente,257.0,3677.0,10620.0,12,5,547.0,NO,No,Medio,1
1587,23,Femenino,Casado,Secundaria,Quillacollo,Dependiente,407.0,1089.0,5767.0,12,5,834.0,No,No,Bajo,0
1588,62,Femenino,Viudo,Técnico,Santa Cruz,Dependiente,254.0,5913.0,46697.0,24,3,648.0,Sí,Sí,Alto,0
1589,62,Masculino,Soltero,Técnico,El Alto,Independiente,13.0,5335.0,50069.0,48,2,776.0,si,No,Medio,0
1590,60,Masculino, DIVORCIADO,Licenciatura,La Paz,Dependiente,336.0,,15544.0,24,2,730.0,si,No,Bajo,1
1591,65,Masculino,Soltero,Licenciatura,Potosí,Empleado Público,373.0,6594.0,15773.0,18,4,603.0,Sí,No,Bajo,1
1592,30,Masculino,Soltero,Licenciatura,Sacaba,Independiente,143.0,10726.0,46626.0,60,2,604.0,No,No,Medio,1
1593,69,Femenino,Casado,Secundaria,La Paz,Empleado Público,56.0,5765.0,17317.0,24,2,780.0,Sí,No,Bajo,1
1594,34,Masculino,Unión Libre,Secundaria,Oruro,Dependiente,68.0,4105.0,30478.0,24,1,782.0,Sí,No,Bajo,1
1595,60,Femenino,Soltero,Posgrado,Montero,Independiente,404.0,,39011.0,18,3,481.0,No,No,Alto,0
1596,48,Masculino, CASADO,Secundaria,La Paz,Dependiente,215.0,8559.0,73214.0,18,1,699.0,No,No,Bajo,0
1597,59,Femenino,Soltero,Técnico,La Paz,Desempleado,,6635.0,66145.0,18,3,639.0,NO,No,Medio,0
1598,51,Masculino,Casado,Posgrado,Potosí,Dependiente,462.0,165958.0,400000.0,36,6,557.0,Sí,No,Medio,1
1599,52,Femenino,Casado,Posgrado,Cochabamba,Dependiente,29.0,10830.0,126207.0,6,5,674.0,No,No,Bajo,0
1600,50,Femenino,Casado,Técnico,La Paz,Dependiente,99.0,8310.0,39643.0,36,3,529.0,No,No,Medio,1
1601,59,Femenino,Casado,Licenciatura,Tarija,Empleado Público,400.0,9430.0,19540.0,12,6,608.0,NO,No,Bajo,1
1602,57,Femenino,Soltero,Técnico,Cochabamba,Dependiente,259.0,7573.0,38187.0,18,6,578.0,si,Sí,Alto,1
1603,25,Femenino,Casado,Licenciatura,Cobija,Independiente,13.0,10529.0,96950.0,12,3,605.0,NO,No,Medio,1
1604,61,Masculino, CASADO,Primaria,Tarija,Empleado Público,338.0,803.0,3044.0,24,5,644.0,No,No,Bajo,0
1605,46,Femenino,Casado,Secundaria,Sucre,Empleado Público,66.0,93520.0,400000.0,36,2,559.0,No,Sí,Alto,0
1606,35,Masculino,Soltero,Licenciatura,Santa Cruz,Dependiente,376.0,7863.0,40600.0,18,6,,No,No,Bajo,1
1607,45,Femenino,Casado,Secundaria,El Alto,Dependiente,383.0,,27595.0,12,2,694.0,NO,No,Bajo,0
1608,69,Masculino,Casado,Licenciatura,Santa Cruz,Independiente,396.0,,61534.0,12,1,812.0,No,No,Medio,1
1609,63,Femenino,Soltero,Secundaria,La Paz,Dependiente,223.0,4175.0,36015.0,36,0,636.0,No,No,Bajo,1
1610,62,Masculino,Soltero,Licenciatura,Cochabamba,Independiente,128.0,,75124.0,12,5,,Sí,No,Medio,0
1611,42,Masculino,Casado,Licenciatura,La Paz,Dependiente,423.0,8633.0,97437.0,36,2,808.0,Sí,No,Bajo,1
1612,59,Femenino,Casado,Técnico,Santa Cruz,Independiente,268.0,10613.0,28082.0,18,5,598.0,No,Sí,Alto,0
1613,38,Masculino,Soltero,Licenciatura,La Paz,Dependiente,305.0,10794.0,38022.0,12,0,634.0,NO,No,Bajo,0
1614,54,Femenino,Divorciado,Secundaria,El Alto,Independiente,65.0,8105.0,46348.0,36,3,715.0,No,Sí,Alto,0
1615,51,Femenino,Casado,Técnico,El Alto,Dependiente,299.0,9380.0,81581.0,24,2,539.0,No,No,Medio,0
1616,31,Masculino,Divorciado,Secundaria,Cochabamba,Independiente,279.0,,60661.0,6,3,714.0,NO,No,Medio,0
1617,32,Masculino,Casado,Licenciatura,Sucre,Dependiente,140.0,7775.0,19853.0,60,1,703.0,No,No,Bajo,1
1618,21,Femenino,Casado,Licenciatura,La Paz,Jubilado,351.0,10347.0,122575.0,12,0,764.0,Sí,No,Bajo,0
1619,25,Femenino,Casado,Posgrado,Tarija,Independiente,64.0,9955.0,49649.0,18,2,730.0,No,No,Medio,1
1620,40,Masculino,Unión Libre,Licenciatura,Tarija,Dependiente,346.0,10190.0,54093.0,18,3,767.0,Sí,No,Bajo,1
1621,43,Masculino,,Posgrado,Santa Cruz,Dependiente,462.0,11029.0,92108.0,24,5,,NO,No,Bajo,0
1622,26,Masculino,Casado,Secundaria,Cochabamba,Dependiente,272.0,4244.0,49055.0,36,3,,No,No,Medio,0
1623,40,Masculino,Casado,Posgrado,Santa Cruz,Dependiente,50.0,10386.0,90021.0,6,1,,Sí,Sí,Alto,1
1624,50,Masculino, CASADO,Técnico,La Paz,Dependiente,266.0,6101.0,72138.0,48,1,513.0,Sí,No,Medio,1
1625,30,Femenino,Soltero,Técnico,Cochabamba,Desempleado,,7482.0,28198.0,24,4,522.0,Sí,No,Alto,0
1626,35,Masculino,Casado,Técnico,La Paz,Independiente,265.0,4975.0,40147.0,60,3,701.0,No,No,Medio,0
1627,37,Femenino,Casado,Secundaria,Tarija,Dependiente,131.0,800.0,11670.0,36,6,796.0,si,No,Bajo,1
1628,44,Masculino,Unión Libre,Secundaria,Montero,Independiente,301.0,2631.0,20101.0,48,3,667.0,Sí,Sí,Alto,0
1629,37,Femenino,Casado,Secundaria,Sucre,Dependiente,127.0,2168.0,11801.0,24,3,740.0,No,No,Bajo,1
1630,57,Masculino,Casado,Secundaria,Cochabamba,Jubilado,475.0,3648.0,43209.0,18,0,470.0,Sí,Sí,Alto,0
1631,35,Masculino,Unión Libre,Técnico,Cochabamba,Dependiente,285.0,6343.0,21604.0,24,1,605.0,No,No,Bajo,1
1632,40,Masculino,Casado,Licenciatura,Yacuiba,Empleado Público,310.0,10422.0,63932.0,36,5,481.0,No,Sí,Alto,0
1633,38,Masculino,Soltero,Licenciatura,El Alto,Empleado Público,383.0,9614.0,105321.0,18,2,720.0,Sí,Sí,Alto,1
1634,27,Femenino,Soltero,Técnico,La Paz,Dependiente,424.0,8697.0,98878.0,36,2,511.0,Sí,No,Medio,0
1635,54,Masculino, SOLTERO,Técnico,Cochabamba,Dependiente,373.0,9887.0,120390.0,12,4,535.0,No,No,Medio,0
1636,30,Femenino,Soltero,Técnico,Santa Cruz,Dependiente,382.0,7374.0,83931.0,36,0,696.0,NO,No,Bajo,1
1637,33,Femenino,Casado,Secundaria,Santa Cruz,Desempleado,,3745.0,12534.0,12,3,746.0,Sí,No,Medio,0
1638,60,Femenino,Divorciado,Licenciatura,La Paz,Independiente,116.0,,105448.0,48,2,636.0,No,No,Medio,0
1639,68,Femenino,Casado,Secundaria,Cochabamba,Independiente,140.0,5649.0,37848.0,12,1,701.0,No,No,Medio,0
1640,53,Femenino, SOLTERO,Licenciatura,El Alto,Empleado Público,256.0,8302.0,71409.0,12,2,698.0,si,No,Bajo,1
1641,66,Masculino,Casado,Licenciatura,El Alto,Empleado Público,224.0,12558.0,73344.0,36,3,631.0,NO,Sí,Alto,1
1642,63,Masculino,Soltero,Técnico,La Paz,Independiente,337.0,5278.0,56090.0,36,1,551.0,No,No,Alto,1
1643,43,Masculino,Unión Libre,Licenciatura,Santa Cruz,Independiente,4.0,,80771.0,36,3,701.0,si,No,Medio,0
1644,58,Femenino,Soltero,Secundaria,Tarija,Empleado Público,66.0,5945.0,65087.0,60,5,705.0,No,No,Bajo,1
1645,35,Femenino,Casado,Licenciatura,Santa Cruz,Dependiente,359.0,11258.0,42734.0,12,1,730.0,Sí,No,Bajo,1
1646,42,Femenino,Soltero,Licenciatura,Potosí,Desempleado,,10892.0,40094.0,36,6,678.0,Sí,No,Medio,1
1647,46,Masculino,Casado,Licenciatura,Oruro,Dependiente,145.0,6821.0,45943.0,18,4,545.0,Sí,No,Medio,1
1648,68,Masculino,Casado,Licenciatura,Santa Cruz,Dependiente,149.0,10400.0,19554.0,24,5,712.0,No,No,Bajo,0
1649,62,Femenino,Divorciado,Licenciatura,Sucre,Empleado Público,270.0,8735.0,81311.0,24,0,650.0,No,No,Bajo,0
1650,43,Masculino,Soltero,Posgrado,Potosí,Dependiente,229.0,9446.0,48414.0,6,5,607.0,No,No,Bajo,0
1651,52,Femenino, UNIÓN LIBRE,Técnico,Cochabamba,Dependiente,81.0,6212.0,49794.0,24,2,,Sí,No,Bajo,1
1652,28,Femenino,Casado,Licenciatura,La Paz,Dependiente,240.0,9444.0,22597.0,36,4,588.0,NO,Sí,Alto,0
1653,60,Femenino,Divorciado,Licenciatura,La Paz,Independiente,394.0,6382.0,21952.0,12,5,730.0,No,No,Medio,0
1654,47,Femenino,Divorciado,Técnico,Riberalta,Empleado Público,350.0,7430.0,61233.0,48,1,522.0,Sí,No,Medio,0
1655,46,Masculino,Unión Libre,Posgrado,Sucre,Dependiente,393.0,11382.0,57165.0,24,1,,si,No,Medio,0
1656,58,Masculino,Soltero,Técnico,Montero,Dependiente,309.0,6936.0,30363.0,12,0,620.0,No,No,Bajo,0
1657,51,Femenino,,Técnico,Cobija,Independiente,422.0,,283144.0,24,4,795.0,Sí,No,Medio,1
1658,21,Masculino,Soltero,Secundaria,La Paz,Jubilado,364.0,4371.0,19835.0,12,5,745.0,No,No,Bajo,1
1659,33,Masculino,Soltero,Secundaria,Sucre,Dependiente,22.0,6636.0,56758.0,6,2,502.0,No,Sí,Alto,0
1660,27,Masculino,Casado,Licenciatura,Santa Cruz,Jubilado,455.0,10822.0,40047.0,36,1,772.0,si,No,Bajo,1
1661,56,Masculino,Unión Libre,Técnico,Sucre,Desempleado,,3285.0,20866.0,12,2,771.0,No,No,Medio,0
1662,19,Femenino,Unión Libre,Técnico,La Paz,Dependiente,308.0,4899.0,43437.0,12,2,544.0,No,No,Medio,0
1663,28,Masculino,Casado,Secundaria,El Alto,Empleado Público,119.0,4058.0,30474.0,36,6,423.0,No,Sí,Alto,0
1664,49,Femenino,Casado,Técnico,Oruro,Independiente,410.0,,33586.0,6,0,644.0,No,No,Medio,0
1665,54,Masculino,Viudo,Licenciatura,Sucre,Independiente,148.0,9054.0,40618.0,36,2,751.0,No,No,Medio,1
1666,44,Femenino,Unión Libre,Licenciatura,Cochabamba,Independiente,287.0,9614.0,111755.0,36,4,793.0,No,No,Medio,1
1667,63,Masculino,Soltero,Primaria,El Alto,Empleado Público,119.0,1043.0,7568.0,12,1,572.0,Sí,No,Medio,0
1668,66,Femenino,Casado,Técnico,El Alto,Empleado Público,45.0,7198.0,33983.0,24,6,808.0,Sí,No,Bajo,1
1669,25,Femenino, DIVORCIADO,Técnico,Sacaba,Empleado Público,128.0,7851.0,86769.0,12,6,,Sí,No,Medio,0
1670,68,Masculino,Soltero,Licenciatura,Santa Cruz,Jubilado,416.0,,68301.0,24,2,,No,Sí,Alto,0
1671,50,Masculino,Casado,Técnico,Santa Cruz,Independiente,265.0,7048.0,60144.0,6,5,612.0,No,No,Medio,0
1672,51,Femenino,Unión Libre,Técnico,Cochabamba,Empleado Público,9.0,6955.0,78464.0,48,5,754.0,si,Sí,Alto,0
1673,23,Masculino,Unión Libre,Técnico,Santa Cruz,Desempleado,,5339.0,16005.0,12,4,767.0,No,No,Medio,1
1674,50,Masculino,Unión Libre,Técnico,Cochabamba,Dependiente,273.0,4362.0,49541.0,36,1,736.0,si,No,Bajo,1
1675,56,Femenino,Divorciado,Técnico,Santa Cruz,Dependiente,189.0,7271.0,66942.0,12,0,528.0,Sí,No,Medio,0
1676,48,Masculino, SOLTERO,Técnico,Sucre,Dependiente,305.0,7447.0,40218.0,12,2,728.0,si,No,Bajo,1
1677,22,Masculino,Soltero,Licenciatura,Cobija,Desempleado,,10357.0,45082.0,24,0,696.0,No,No,Medio,0
1678,45,Masculino, CASADO,Licenciatura,Montero,Dependiente,464.0,11819.0,31022.0,24,2,500.0,si,No,Medio,0
1679,67,Femenino,Casado,Secundaria,Cochabamba,Empleado Público,402.0,6992.0,80045.0,60,4,464.0,NO,No,Medio,0
1680,56,Femenino,Casado,Licenciatura,Santa Cruz,Dependiente,109.0,6279.0,19930.0,6,4,743.0,No,Sí,Alto,0
1681,25,Masculino,Casado,Licenciatura,Potosí,Dependiente,333.0,8275.0,36354.0,6,1,634.0,Sí,No,Bajo,0
1682,68,Masculino,,Secundaria,Tarija,Independiente,301.0,,38553.0,18,0,534.0,NO,No,Alto,0
1683,68,Masculino,Casado,Técnico,Cochabamba,Dependiente,285.0,,49078.0,18,1,631.0,Sí,No,Bajo,0
1684,26,Masculino,Soltero,Secundaria,Potosí,Desempleado,,7456.0,26405.0,48,3,683.0,No,Sí,Alto,0
1685,60,Masculino,Soltero,Licenciatura,Oruro,Dependiente,71.0,12507.0,128954.0,48,5,643.0,Sí,No,Bajo,1
1686,39,Masculino,Soltero,Secundaria,Potosí,Desempleado,,3809.0,29389.0,48,2,510.0,No,No,Alto,0
1687,49,Masculino,Soltero,Licenciatura,Oruro,Dependiente,392.0,6956.0,77237.0,12,2,820.0,No,No,Bajo,1
1688,41,Masculino,Viudo,Secundaria,El Alto,Jubilado,272.0,4208.0,10905.0,18,3,740.0,Sí,No,Bajo,1
1689,59,Femenino, CASADO,Técnico,Santa Cruz,Independiente,17.0,,15948.0,36,0,620.0,Sí,No,Medio,0
1690,70,Femenino,Soltero,Posgrado,Cochabamba,Dependiente,226.0,8166.0,68407.0,18,1,623.0,Sí,No,Bajo,1
1691,60,Masculino,Divorciado,Técnico,La Paz,Dependiente,127.0,6035.0,21316.0,36,0,682.0,Sí,No,Bajo,0
1692,67,Femenino,Casado,Licenciatura,Tarija,Dependiente,80.0,8055.0,59111.0,12,3,548.0,No,No,Medio,1
1693,68,Femenino,Soltero,Posgrado,Cochabamba,Independiente,27.0,,18164.0,18,3,679.0,No,No,Medio,1
1694,22,Masculino,Soltero,Licenciatura,La Paz,Empleado Público,258.0,10362.0,103203.0,48,4,530.0,No,No,Medio,0
1695,31,Femenino,Soltero,Secundaria,Sucre,Dependiente,321.0,6469.0,71973.0,12,4,644.0,No,No,Bajo,0
1696,56,Femenino,Casado,Licenciatura,Potosí,Independiente,255.0,,108246.0,60,2,545.0,No,No,Alto,0
1697,49,Masculino,Soltero,Primaria,Oruro,Independiente,177.0,4279.0,54297.0,18,6,,No,Sí,Alto,0
1698,20,Masculino,Soltero,Técnico,Santa Cruz,Independiente,370.0,6079.0,69657.0,6,6,,Sí,Sí,Alto,1
1699,23,Femenino,Soltero,Licenciatura,Tarija,Independiente,313.0,10890.0,70067.0,12,0,655.0,Sí,Sí,Alto,0
1700,45,Femenino,Casado,Licenciatura,Santa Cruz,Independiente,436.0,9794.0,56535.0,12,6,669.0,Sí,No,Medio,1
1701,50,Femenino,,Técnico,Cochabamba,Empleado Público,166.0,163569.0,400000.0,24,1,469.0,Sí,No,Medio,1
1702,26,Masculino,Divorciado,Técnico,La Paz,Jubilado,395.0,5311.0,60705.0,12,1,596.0,Sí,No,Medio,0
1703,27,Masculino,Soltero,Licenciatura,Cochabamba,Dependiente,219.0,,132303.0,24,3,692.0,si,No,Bajo,0
1704,24,Femenino,Casado,Licenciatura,Potosí,Dependiente,243.0,10536.0,103062.0,48,0,667.0,Sí,Sí,Alto,0
1705,47,Masculino, CASADO,Técnico,Cochabamba,Dependiente,220.0,7627.0,32027.0,18,2,456.0,Sí,No,Medio,1
1706,18,Femenino,Casado,Licenciatura,Santa Cruz,Independiente,400.0,,400000.0,12,1,669.0,si,Sí,Alto,0
1707,48,Femenino,Soltero,Secundaria,Sucre,Dependiente,21.0,4171.0,50963.0,18,3,683.0,Sí,No,Bajo,1
1708,43,Masculino,Divorciado,Secundaria,Potosí,Jubilado,451.0,4068.0,38833.0,36,5,,Sí,No,Bajo,0
1709,42,Femenino, VIUDO,Licenciatura,El Alto,Independiente,206.0,10667.0,115834.0,24,6,591.0,NO,No,Alto,1
1710,54,Femenino, SOLTERO,Posgrado,Quillacollo,Independiente,101.0,12275.0,93994.0,12,1,448.0,No,Sí,Alto,0
1711,45,Femenino,Soltero,Secundaria,Potosí,Empleado Público,308.0,4966.0,60599.0,24,3,,No,No,Medio,1
1712,56,Masculino,Unión Libre,Secundaria,Yacuiba,Dependiente,385.0,7302.0,19557.0,24,3,551.0,Sí,No,Medio,1
1713,58,Masculino, CASADO,Secundaria,Sacaba,Empleado Público,262.0,7945.0,86094.0,18,2,716.0,si,Sí,Alto,0
1714,66,Masculino,,Licenciatura,Montero,Dependiente,40.0,126669.0,265819.0,12,4,405.0,Sí,No,Medio,1
1715,60,Femenino,Soltero,Secundaria,Oruro,Independiente,36.0,5921.0,33957.0,60,6,610.0,Sí,No,Medio,1
1716,45,Femenino,Casado,Técnico,Cochabamba,Jubilado,270.0,8532.0,26964.0,12,2,778.0,si,No,Bajo,1
1717,44,Masculino,Casado,Posgrado,La Paz,Empleado Público,321.0,13881.0,95343.0,12,0,651.0,No,No,Bajo,1
1718,30,Femenino,Casado,Primaria,Cochabamba,Desempleado,,800.0,4084.0,12,6,731.0,Sí,No,Medio,1
1719,49,Masculino,Unión Libre,Técnico,Oruro,Dependiente,148.0,8342.0,96766.0,24,6,502.0,Sí,No,Medio,1
1720,25,Masculino,Casado,Técnico,Cochabamba,Empleado Público,413.0,7638.0,59894.0,24,2,506.0,No,No,Medio,1
1721,67,Femenino,Soltero,Licenciatura,Tarija,Independiente,6.0,11646.0,131066.0,12,3,779.0,No,No,Medio,0
1722,62,Masculino,Casado,Secundaria,La Paz,Independiente,38.0,4676.0,24061.0,18,6,659.0,Sí,No,Medio,1
1723,24,Femenino,Casado,Técnico,Santa Cruz,Dependiente,74.0,4872.0,10175.0,36,3,659.0,Sí,No,Bajo,0
1724,59,Femenino,Soltero,Secundaria,Santa Cruz,Dependiente,473.0,2322.0,22439.0,18,3,549.0,No,Sí,Alto,0
1725,24,Masculino,Soltero,Licenciatura,Santa Cruz,Independiente,239.0,7921.0,71906.0,48,6,659.0,Sí,Sí,Alto,0
1726,56,Masculino,Casado,Licenciatura,La Paz,Dependiente,76.0,8139.0,61159.0,18,5,547.0,No,No,Medio,0
1727,22,Masculino,Casado,Secundaria,La Paz,Empleado Público,149.0,,66293.0,12,3,757.0,No,No,Bajo,1
1728,43,Masculino,Soltero,Técnico,Tarija,Empleado Público,466.0,6786.0,74648.0,60,1,850.0,Sí,No,Bajo,1
1729,52,Masculino, CASADO,Licenciatura,Santa Cruz,Desempleado,,9100.0,74142.0,36,3,694.0,No,No,Medio,1
1730,56,Masculino,Casado,Primaria,La Paz,Dependiente,107.0,1403.0,20209.0,18,4,593.0,si,No,Medio,0
1731,40,Masculino,Casado,Secundaria,La Paz,Jubilado,442.0,5157.0,46817.0,36,1,422.0,Sí,Sí,Alto,0
1732,66,Femenino,Divorciado,Técnico,Santa Cruz,Dependiente,36.0,6205.0,54045.0,24,3,498.0,si,Sí,Alto,0
1733,59,Masculino, DIVORCIADO,Secundaria,La Paz,Independiente,371.0,,32371.0,18,4,790.0,No,No,Medio,0
1734,29,Masculino,Casado,Secundaria,Potosí,Empleado Público,66.0,1781.0,5822.0,36,0,557.0,si,No,Medio,0
1735,53,Femenino,Soltero,Técnico,Sucre,Dependiente,137.0,,40354.0,36,3,617.0,Sí,No,Bajo,1
1736,56,Femenino, CASADO,Secundaria,El Alto,Dependiente,167.0,5994.0,58551.0,18,5,709.0,No,No,Bajo,1
1737,35,Femenino,Casado,Técnico,Cochabamba,Dependiente,298.0,6720.0,60721.0,24,1,783.0,Sí,No,Bajo,0
1738,57,Femenino,Soltero,Licenciatura,La Paz,Independiente,291.0,7527.0,39092.0,18,3,632.0,No,No,Medio,1
1739,65,Masculino,Soltero,Técnico,El Alto,Empleado Público,384.0,8652.0,73771.0,6,4,614.0,No,No,Bajo,0
1740,61,Femenino,Soltero,Secundaria,Trinidad,Dependiente,142.0,109918.0,395198.0,60,0,656.0,No,No,Bajo,0
1741,58,Masculino,Casado,Licenciatura,Cochabamba,Dependiente,185.0,7398.0,36284.0,24,4,594.0,No,Sí,Alto,0
1742,51,Masculino,Casado,Secundaria,Trinidad,Independiente,186.0,,38820.0,24,1,598.0,No,No,Alto,0
1743,32,Masculino,Soltero,Licenciatura,El Alto,Dependiente,22.0,11049.0,64962.0,24,2,687.0,Sí,No,Bajo,1
1744,60,Femenino,Divorciado,Secundaria,Santa Cruz,Empleado Público,354.0,3092.0,17430.0,24,4,667.0,NO,No,Bajo,1
1745,37,Femenino,Unión Libre,Licenciatura,Santa Cruz,Jubilado,265.0,9592.0,64212.0,18,0,842.0,No,Sí,Alto,0
1746,46,Masculino,Soltero,Secundaria,Santa Cruz,Empleado Público,228.0,4652.0,27223.0,60,0,689.0,No,No,Bajo,0
1747,34,Masculino,Unión Libre,Secundaria,Riberalta,Desempleado,,,65903.0,24,3,754.0,No,No,Medio,0
1748,34,Masculino,Soltero,Técnico,La Paz,Independiente,86.0,5979.0,71889.0,36,6,554.0,NO,Sí,Alto,0
1749,26,Masculino, UNIÓN LIBRE,Primaria,Tarija,Empleado Público,466.0,800.0,7160.0,24,0,697.0,No,No,Bajo,0
1750,68,Femenino,Unión Libre,Secundaria,Tarija,Dependiente,327.0,4041.0,33654.0,18,5,585.0,Sí,No,Medio,0
1751,25,Masculino,Soltero,Licenciatura,Cochabamba,Dependiente,106.0,11343.0,60861.0,6,0,686.0,NO,No,Bajo,1
1752,22,Femenino, DIVORCIADO,Licenciatura,Santa Cruz,Independiente,326.0,9099.0,69171.0,18,3,712.0,No,No,Medio,1
1753,67,Femenino,Unión Libre,Secundaria,Santa Cruz,Dependiente,363.0,6182.0,34761.0,12,3,654.0,NO,No,Bajo,0
1754,47,Masculino,Unión Libre,Licenciatura,El Alto,Desempleado,,8359.0,14126.0,36,3,850.0,Sí,Sí,Alto,0
1755,41,Femenino,Unión Libre,Licenciatura,Sucre,Independiente,165.0,,103665.0,48,0,779.0,No,No,Medio,1
1756,57,Femenino,Casado,Licenciatura,Santa Cruz,Jubilado,449.0,8036.0,51004.0,18,5,756.0,NO,No,Bajo,1
1757,38,Femenino, SOLTERO,Licenciatura,Montero,Dependiente,77.0,8634.0,60840.0,18,1,719.0,Sí,Sí,Alto,0
1758,24,Femenino,Divorciado,Licenciatura,Cochabamba,Independiente,6.0,10300.0,27995.0,36,5,809.0,No,No,Medio,1
1759,56,Masculino,Casado,Técnico,Santa Cruz,Empleado Público,320.0,7549.0,80434.0,12,4,521.0,No,No,Medio,0
1760,27,Femenino,Casado,Licenciatura,Potosí,Dependiente,436.0,8829.0,29206.0,48,3,773.0,Sí,No,Bajo,1
1761,47,Masculino,Casado,Posgrado,Santa Cruz,Independiente,240.0,10061.0,63066.0,18,2,,Sí,No,Alto,0
1762,68,Masculino,Casado,Secundaria,Cobija,Independiente,64.0,2787.0,31145.0,12,4,599.0,No,No,Alto,0
1763,67,Femenino,Soltero,Secundaria,El Alto,Jubilado,430.0,7256.0,49039.0,12,6,701.0,Sí,No,Bajo,1
1764,37,Femenino,Casado,Primaria,Sacaba,Empleado Público,121.0,1819.0,23282.0,48,6,761.0,NO,No,Bajo,1
1765,59,Masculino,Soltero,Posgrado,Sucre,Dependiente,397.0,9667.0,39038.0,12,6,,Sí,No,Medio,0
1766,50,Masculino,Casado,Técnico,Tarija,Independiente,294.0,,61914.0,36,1,604.0,Sí,No,Medio,1
1767,43,Masculino,Divorciado,Licenciatura,Santa Cruz,Independiente,161.0,11557.0,140232.0,12,4,659.0,Sí,No,Medio,0
1768,25,Masculino,Casado,Licenciatura,Tarija,Dependiente,300.0,11524.0,84911.0,12,2,,No,No,Bajo,1
1769,37,Femenino,Casado,Posgrado,El Alto,Independiente,320.0,,84703.0,48,6,727.0,No,No,Medio,0
1770,52,Femenino,Soltero,Secundaria,Oruro,Dependiente,326.0,3678.0,23592.0,12,6,850.0,No,No,Bajo,0
1771,70,Masculino,Unión Libre,Licenciatura,La Paz,Dependiente,176.0,10666.0,102662.0,6,6,688.0,No,No,Bajo,1
1772,18,Femenino,Casado,Licenciatura,El Alto,Independiente,274.0,,80249.0,24,1,584.0,No,No,Alto,0
1773,56,Masculino,Casado,Primaria,Santa Cruz,Dependiente,20.0,6195.0,56973.0,48,2,533.0,si,Sí,Alto,0
1774,62,Masculino,Soltero,Licenciatura,Santa Cruz,Independiente,194.0,14082.0,159747.0,18,4,621.0,NO,No,Medio,0
1775,68,Masculino,Soltero,Secundaria,Santa Cruz,Dependiente,181.0,800.0,8660.0,12,5,565.0,No,No,Medio,0
1776,40,Femenino,Casado,Licenciatura,Sucre,Empleado Público,257.0,8922.0,70888.0,60,2,692.0,si,Sí,Alto,0
1777,24,Femenino,Unión Libre,Técnico,El Alto,Dependiente,456.0,6686.0,34027.0,36,0,691.0,NO,Sí,Alto,0
1778,32,Femenino,Casado,Secundaria,Oruro,Desempleado,,6254.0,59765.0,48,0,608.0,Sí,No,Medio,0
1779,63,Femenino, SOLTERO,Secundaria,La Paz,Dependiente,232.0,2812.0,32063.0,36,4,829.0,Sí,No,Bajo,1
1780,64,Masculino,Viudo,Secundaria,Oruro,Independiente,310.0,7458.0,63329.0,36,3,584.0,NO,No,Alto,0
1781,51,Femenino,Casado,Secundaria,Sucre,Dependiente,52.0,2760.0,13133.0,18,3,639.0,No,Sí,Alto,0
1782,24,Femenino,Viudo,Licenciatura,Santa Cruz,Dependiente,231.0,6682.0,49343.0,18,5,708.0,Sí,No,Bajo,1
1783,24,Femenino,Soltero,Secundaria,Potosí,Independiente,330.0,,59312.0,36,0,730.0,No,No,Medio,0
1784,43,Femenino,Casado,Secundaria,Montero,Empleado Público,328.0,6661.0,79739.0,36,5,765.0,si,No,Bajo,1
1785,49,Masculino,Unión Libre,Licenciatura,Sucre,Desempleado,,9220.0,31072.0,60,1,689.0,No,No,Medio,1
1786,19,Femenino,Soltero,Licenciatura,Santa Cruz,Dependiente,224.0,7114.0,24157.0,24,6,745.0,No,No,Bajo,1
1787,54,Masculino, CASADO,Técnico,Santa Cruz,Dependiente,436.0,10429.0,60990.0,18,6,590.0,Sí,No,Medio,0
1788,46,Femenino,Unión Libre,Posgrado,Oruro,Empleado Público,470.0,10568.0,30563.0,24,3,733.0,NO,No,Bajo,1
1789,18,Masculino, SOLTERO,Técnico,El Alto,Independiente,275.0,6838.0,82066.0,24,2,731.0,No,No,Medio,1
1790,23,Femenino,Soltero,Licenciatura,Sucre,Dependiente,44.0,8655.0,53481.0,18,1,786.0,No,Sí,Alto,0
1791,42,Femenino,Casado,Primaria,Santa Cruz,Empleado Público,180.0,2633.0,19860.0,36,1,,Sí,No,Medio,0
1792,56,Masculino,Soltero,Licenciatura,Sucre,Independiente,367.0,,53838.0,24,6,568.0,Sí,No,Alto,0
1793,61,Masculino,Soltero,Posgrado,La Paz,Independiente,279.0,11725.0,76848.0,6,1,724.0,NO,No,Medio,0
1794,40,Masculino,Casado,Licenciatura,La Paz,Dependiente,450.0,7343.0,89217.0,24,3,411.0,No,No,Medio,0
1795,33,Femenino,Divorciado,Técnico,Riberalta,Independiente,392.0,5567.0,39162.0,24,3,694.0,No,No,Medio,0
1796,69,Femenino,,Licenciatura,Tarija,Dependiente,30.0,8745.0,14227.0,48,4,745.0,No,No,Bajo,1
1797,42,Masculino,Soltero,Secundaria,Trinidad,Empleado Público,414.0,4821.0,20909.0,18,5,598.0,No,No,Medio,1
1798,34,Femenino,Divorciado,Licenciatura,Quillacollo,Dependiente,171.0,4902.0,61751.0,24,3,611.0,Sí,No,Bajo,0
1799,41,Masculino,Casado,Licenciatura,Santa Cruz,Empleado Público,393.0,9729.0,119684.0,24,5,553.0,No,Sí,Alto,0
